date,number_admitted,seven_day_average,seven_day_average_qf,year,month,day,week,weekday,season
2020-03-01,1,NA,z,2020,3,1,9,Sun,Spring
2020-03-03,1,NA,z,2020,3,3,9,Tue,Spring
2020-03-04,1,NA,z,2020,3,4,10,Wed,Spring
2020-03-05,3,NA,z,2020,3,5,10,Thu,Spring
2020-03-06,4,NA,z,2020,3,6,10,Fri,Spring
2020-03-07,2,NA,z,2020,3,7,10,Sat,Spring
2020-03-08,1,1.85714285714286,NA,2020,3,8,10,Sun,Spring
2020-03-09,6,2.57142857142857,NA,2020,3,9,10,Mon,Spring
2020-03-10,9,3.71428571428571,NA,2020,3,10,10,Tue,Spring
2020-03-11,14,5.57142857142857,NA,2020,3,11,11,Wed,Spring
2020-03-12,7,6.14285714285714,NA,2020,3,12,11,Thu,Spring
2020-03-13,4,6.14285714285714,NA,2020,3,13,11,Fri,Spring
2020-03-14,9,7.14285714285714,NA,2020,3,14,11,Sat,Spring
2020-03-15,8,8.14285714285714,NA,2020,3,15,11,Sun,Spring
2020-03-16,10,8.71428571428571,NA,2020,3,16,11,Mon,Spring
2020-03-17,22,10.5714285714286,NA,2020,3,17,11,Tue,Spring
2020-03-18,18,11.1428571428571,NA,2020,3,18,12,Wed,Spring
2020-03-19,26,13.8571428571429,NA,2020,3,19,12,Thu,Spring
2020-03-20,47,20,NA,2020,3,20,12,Fri,Spring
2020-03-21,49,25.7142857142857,NA,2020,3,21,12,Sat,Spring
2020-03-22,37,29.8571428571429,NA,2020,3,22,12,Sun,Spring
2020-03-23,71,38.5714285714286,NA,2020,3,23,12,Mon,Spring
2020-03-24,72,45.7142857142857,NA,2020,3,24,12,Tue,Spring
2020-03-25,92,56.2857142857143,NA,2020,3,25,13,Wed,Spring
2020-03-26,108,68,NA,2020,3,26,13,Thu,Spring
2020-03-27,118,78.1428571428571,NA,2020,3,27,13,Fri,Spring
2020-03-28,140,91.1428571428571,NA,2020,3,28,13,Sat,Spring
2020-03-29,117,102.571428571429,NA,2020,3,29,13,Sun,Spring
2020-03-30,153,114.285714285714,NA,2020,3,30,13,Mon,Spring
2020-03-31,146,124.857142857143,NA,2020,3,31,13,Tue,Spring
2020-04-01,187,138.428571428571,NA,2020,4,1,14,Wed,Spring
2020-04-02,141,143.142857142857,NA,2020,4,2,14,Thu,Spring
2020-04-03,179,151.857142857143,NA,2020,4,3,14,Fri,Spring
2020-04-04,130,150.428571428571,NA,2020,4,4,14,Sat,Spring
2020-04-05,133,152.714285714286,NA,2020,4,5,14,Sun,Spring
2020-04-06,168,154.857142857143,NA,2020,4,6,14,Mon,Spring
2020-04-07,142,154.285714285714,NA,2020,4,7,14,Tue,Spring
2020-04-08,120,144.714285714286,NA,2020,4,8,15,Wed,Spring
2020-04-09,109,140.142857142857,NA,2020,4,9,15,Thu,Spring
2020-04-10,96,128.285714285714,NA,2020,4,10,15,Fri,Spring
2020-04-11,64,118.857142857143,NA,2020,4,11,15,Sat,Spring
2020-04-12,66,109.285714285714,NA,2020,4,12,15,Sun,Spring
2020-04-13,84,97.2857142857143,NA,2020,4,13,15,Mon,Spring
2020-04-14,83,88.8571428571429,NA,2020,4,14,15,Tue,Spring
2020-04-15,76,82.5714285714286,NA,2020,4,15,16,Wed,Spring
2020-04-16,77,78,NA,2020,4,16,16,Thu,Spring
2020-04-17,80,75.7142857142857,NA,2020,4,17,16,Fri,Spring
2020-04-18,60,75.1428571428571,NA,2020,4,18,16,Sat,Spring
2020-04-19,47,72.4285714285714,NA,2020,4,19,16,Sun,Spring
2020-04-20,55,68.2857142857143,NA,2020,4,20,16,Mon,Spring
2020-04-21,55,64.2857142857143,NA,2020,4,21,16,Tue,Spring
2020-04-22,50,60.5714285714286,NA,2020,4,22,17,Wed,Spring
2020-04-23,51,56.8571428571429,NA,2020,4,23,17,Thu,Spring
2020-04-24,68,55.1428571428571,NA,2020,4,24,17,Fri,Spring
2020-04-25,30,50.8571428571429,NA,2020,4,25,17,Sat,Spring
2020-04-26,30,48.4285714285714,NA,2020,4,26,17,Sun,Spring
2020-04-27,57,48.7142857142857,NA,2020,4,27,17,Mon,Spring
2020-04-28,51,48.1428571428571,NA,2020,4,28,17,Tue,Spring
2020-04-29,35,46,NA,2020,4,29,18,Wed,Spring
2020-04-30,35,43.7142857142857,NA,2020,4,30,18,Thu,Spring
2020-05-01,38,39.4285714285714,NA,2020,5,1,18,Fri,Spring
2020-05-02,34,40,NA,2020,5,2,18,Sat,Spring
2020-05-03,32,40.2857142857143,NA,2020,5,3,18,Sun,Spring
2020-05-04,39,37.7142857142857,NA,2020,5,4,18,Mon,Spring
2020-05-05,29,34.5714285714286,NA,2020,5,5,18,Tue,Spring
2020-05-06,36,34.7142857142857,NA,2020,5,6,19,Wed,Spring
2020-05-07,26,33.4285714285714,NA,2020,5,7,19,Thu,Spring
2020-05-08,25,31.5714285714286,NA,2020,5,8,19,Fri,Spring
2020-05-09,15,28.8571428571429,NA,2020,5,9,19,Sat,Spring
2020-05-10,24,27.7142857142857,NA,2020,5,10,19,Sun,Spring
2020-05-11,27,26,NA,2020,5,11,19,Mon,Spring
2020-05-12,27,25.7142857142857,NA,2020,5,12,19,Tue,Spring
2020-05-13,20,23.4285714285714,NA,2020,5,13,20,Wed,Spring
2020-05-14,20,22.5714285714286,NA,2020,5,14,20,Thu,Spring
2020-05-15,23,22.2857142857143,NA,2020,5,15,20,Fri,Spring
2020-05-16,14,22.1428571428571,NA,2020,5,16,20,Sat,Spring
2020-05-17,8,19.8571428571429,NA,2020,5,17,20,Sun,Spring
2020-05-18,22,19.1428571428571,NA,2020,5,18,20,Mon,Spring
2020-05-19,6,16.1428571428571,NA,2020,5,19,20,Tue,Spring
2020-05-20,12,15,NA,2020,5,20,21,Wed,Spring
2020-05-21,10,13.5714285714286,NA,2020,5,21,21,Thu,Spring
2020-05-22,13,12.1428571428571,NA,2020,5,22,21,Fri,Spring
2020-05-23,11,11.7142857142857,NA,2020,5,23,21,Sat,Spring
2020-05-24,6,11.4285714285714,NA,2020,5,24,21,Sun,Spring
2020-05-25,8,9.42857142857143,NA,2020,5,25,21,Mon,Spring
2020-05-26,8,9.71428571428571,NA,2020,5,26,21,Tue,Spring
2020-05-27,7,9,NA,2020,5,27,22,Wed,Spring
2020-05-28,4,8.14285714285714,NA,2020,5,28,22,Thu,Spring
2020-05-29,9,7.57142857142857,NA,2020,5,29,22,Fri,Spring
2020-05-30,2,6.28571428571429,NA,2020,5,30,22,Sat,Spring
2020-05-31,8,6.57142857142857,NA,2020,5,31,22,Sun,Spring
2020-06-01,3,5.85714285714286,NA,2020,6,1,22,Mon,Summer
2020-06-02,2,5,NA,2020,6,2,22,Tue,Summer
2020-06-03,4,4.57142857142857,NA,2020,6,3,23,Wed,Summer
2020-06-04,4,4.57142857142857,NA,2020,6,4,23,Thu,Summer
2020-06-05,8,4.42857142857143,NA,2020,6,5,23,Fri,Summer
2020-06-06,4,4.71428571428571,NA,2020,6,6,23,Sat,Summer
2020-06-07,4,4.14285714285714,NA,2020,6,7,23,Sun,Summer
2020-06-08,3,4.14285714285714,NA,2020,6,8,23,Mon,Summer
2020-06-09,4,4.42857142857143,NA,2020,6,9,23,Tue,Summer
2020-06-10,4,4.42857142857143,NA,2020,6,10,24,Wed,Summer
2020-06-11,4,4.42857142857143,NA,2020,6,11,24,Thu,Summer
2020-06-13,3,3.71428571428571,NA,2020,6,13,24,Sat,Summer
2020-06-14,4,3.71428571428571,NA,2020,6,14,24,Sun,Summer
2020-06-15,4,3.71428571428571,NA,2020,6,15,24,Mon,Summer
2020-06-16,4,3.85714285714286,NA,2020,6,16,24,Tue,Summer
2020-06-17,3,3.71428571428571,NA,2020,6,17,25,Wed,Summer
2020-06-19,3,3.57142857142857,NA,2020,6,19,25,Fri,Summer
2020-06-20,1,3.14285714285714,NA,2020,6,20,25,Sat,Summer
2020-06-22,4,3.28571428571429,NA,2020,6,22,25,Mon,Summer
2020-06-23,2,3,NA,2020,6,23,25,Tue,Summer
2020-06-24,1,2.57142857142857,NA,2020,6,24,26,Wed,Summer
2020-06-25,2,2.28571428571429,NA,2020,6,25,26,Thu,Summer
2020-06-27,1,2,NA,2020,6,27,26,Sat,Summer
2020-06-28,1,1.71428571428571,NA,2020,6,28,26,Sun,Summer
2020-06-29,1,1.71428571428571,NA,2020,6,29,26,Mon,Summer
2020-07-01,2,1.42857142857143,NA,2020,7,1,27,Wed,Summer
2020-07-03,1,1.28571428571429,NA,2020,7,3,27,Fri,Summer
2020-07-05,1,1.28571428571429,NA,2020,7,5,27,Sun,Summer
2020-07-06,2,1.28571428571429,NA,2020,7,6,27,Mon,Summer
2020-07-10,2,1.42857142857143,NA,2020,7,10,28,Fri,Summer
2020-07-11,2,1.57142857142857,NA,2020,7,11,28,Sat,Summer
2020-07-14,1,1.57142857142857,NA,2020,7,14,28,Tue,Summer
2020-07-16,1,1.42857142857143,NA,2020,7,16,29,Thu,Summer
2020-07-19,2,1.57142857142857,NA,2020,7,19,29,Sun,Summer
2020-07-25,3,1.85714285714286,NA,2020,7,25,30,Sat,Summer
2020-07-29,2,1.85714285714286,NA,2020,7,29,31,Wed,Summer
2020-08-01,1,1.71428571428571,NA,2020,8,1,31,Sat,Summer
2020-08-04,1,1.57142857142857,NA,2020,8,4,31,Tue,Summer
2020-08-05,1,1.57142857142857,NA,2020,8,5,32,Wed,Summer
2020-08-07,1,1.57142857142857,NA,2020,8,7,32,Fri,Summer
2020-08-10,3,1.71428571428571,NA,2020,8,10,32,Mon,Summer
2020-08-11,1,1.42857142857143,NA,2020,8,11,32,Tue,Summer
2020-08-13,1,1.28571428571429,NA,2020,8,13,33,Thu,Summer
2020-08-14,2,1.42857142857143,NA,2020,8,14,33,Fri,Summer
2020-08-15,3,1.71428571428571,NA,2020,8,15,33,Sat,Summer
2020-08-16,1,1.71428571428571,NA,2020,8,16,33,Sun,Summer
2020-08-17,2,1.85714285714286,NA,2020,8,17,33,Mon,Summer
2020-08-18,1,1.57142857142857,NA,2020,8,18,33,Tue,Summer
2020-08-19,2,1.71428571428571,NA,2020,8,19,34,Wed,Summer
2020-08-20,3,2,NA,2020,8,20,34,Thu,Summer
2020-08-21,2,2,NA,2020,8,21,34,Fri,Summer
2020-08-22,2,1.85714285714286,NA,2020,8,22,34,Sat,Summer
2020-08-24,2,2,NA,2020,8,24,34,Mon,Summer
2020-08-25,4,2.28571428571429,NA,2020,8,25,34,Tue,Summer
2020-08-26,3,2.57142857142857,NA,2020,8,26,35,Wed,Summer
2020-08-27,2,2.57142857142857,NA,2020,8,27,35,Thu,Summer
2020-08-28,3,2.57142857142857,NA,2020,8,28,35,Fri,Summer
2020-08-29,2,2.57142857142857,NA,2020,8,29,35,Sat,Summer
2020-08-30,2,2.57142857142857,NA,2020,8,30,35,Sun,Summer
2020-08-31,2,2.57142857142857,NA,2020,8,31,35,Mon,Summer
2020-09-01,1,2.14285714285714,NA,2020,9,1,35,Tue,Autumn
2020-09-02,3,2.14285714285714,NA,2020,9,2,36,Wed,Autumn
2020-09-03,1,2,NA,2020,9,3,36,Thu,Autumn
2020-09-04,8,2.71428571428571,NA,2020,9,4,36,Fri,Autumn
2020-09-05,3,2.85714285714286,NA,2020,9,5,36,Sat,Autumn
2020-09-06,1,2.71428571428571,NA,2020,9,6,36,Sun,Autumn
2020-09-07,7,3.42857142857143,NA,2020,9,7,36,Mon,Autumn
2020-09-08,5,4,NA,2020,9,8,36,Tue,Autumn
2020-09-09,3,4,NA,2020,9,9,37,Wed,Autumn
2020-09-10,7,4.85714285714286,NA,2020,9,10,37,Thu,Autumn
2020-09-11,6,4.57142857142857,NA,2020,9,11,37,Fri,Autumn
2020-09-12,5,4.85714285714286,NA,2020,9,12,37,Sat,Autumn
2020-09-13,4,5.28571428571429,NA,2020,9,13,37,Sun,Autumn
2020-09-14,9,5.57142857142857,NA,2020,9,14,37,Mon,Autumn
2020-09-15,6,5.71428571428571,NA,2020,9,15,37,Tue,Autumn
2020-09-16,15,7.42857142857143,NA,2020,9,16,38,Wed,Autumn
2020-09-17,8,7.57142857142857,NA,2020,9,17,38,Thu,Autumn
2020-09-18,6,7.57142857142857,NA,2020,9,18,38,Fri,Autumn
2020-09-19,8,8,NA,2020,9,19,38,Sat,Autumn
2020-09-20,10,8.85714285714286,NA,2020,9,20,38,Sun,Autumn
2020-09-21,9,8.85714285714286,NA,2020,9,21,38,Mon,Autumn
2020-09-22,22,11.1428571428571,NA,2020,9,22,38,Tue,Autumn
2020-09-23,13,10.8571428571429,NA,2020,9,23,39,Wed,Autumn
2020-09-24,20,12.5714285714286,NA,2020,9,24,39,Thu,Autumn
2020-09-25,17,14.1428571428571,NA,2020,9,25,39,Fri,Autumn
2020-09-26,12,14.7142857142857,NA,2020,9,26,39,Sat,Autumn
2020-09-27,20,16.1428571428571,NA,2020,9,27,39,Sun,Autumn
2020-09-28,26,18.5714285714286,NA,2020,9,28,39,Mon,Autumn
2020-09-29,17,17.8571428571429,NA,2020,9,29,39,Tue,Autumn
2020-09-30,23,19.2857142857143,NA,2020,9,30,40,Wed,Autumn
2020-10-01,31,20.8571428571429,NA,2020,10,1,40,Thu,Autumn
2020-10-02,35,23.4285714285714,NA,2020,10,2,40,Fri,Autumn
2020-10-03,28,25.7142857142857,NA,2020,10,3,40,Sat,Autumn
2020-10-04,29,27,NA,2020,10,4,40,Sun,Autumn
2020-10-05,46,29.8571428571429,NA,2020,10,5,40,Mon,Autumn
2020-10-06,58,35.7142857142857,NA,2020,10,6,40,Tue,Autumn
2020-10-07,50,39.5714285714286,NA,2020,10,7,41,Wed,Autumn
2020-10-08,56,43.1428571428571,NA,2020,10,8,41,Thu,Autumn
2020-10-09,42,44.1428571428571,NA,2020,10,9,41,Fri,Autumn
2020-10-10,45,46.5714285714286,NA,2020,10,10,41,Sat,Autumn
2020-10-11,54,50.1428571428571,NA,2020,10,11,41,Sun,Autumn
2020-10-12,71,53.7142857142857,NA,2020,10,12,41,Mon,Autumn
2020-10-13,84,57.4285714285714,NA,2020,10,13,41,Tue,Autumn
2020-10-14,70,60.2857142857143,NA,2020,10,14,42,Wed,Autumn
2020-10-15,75,63,NA,2020,10,15,42,Thu,Autumn
2020-10-16,97,70.8571428571429,NA,2020,10,16,42,Fri,Autumn
2020-10-17,68,74.1428571428571,NA,2020,10,17,42,Sat,Autumn
2020-10-18,62,75.2857142857143,NA,2020,10,18,42,Sun,Autumn
2020-10-19,94,78.5714285714286,NA,2020,10,19,42,Mon,Autumn
2020-10-20,105,81.5714285714286,NA,2020,10,20,42,Tue,Autumn
2020-10-21,92,84.7142857142857,NA,2020,10,21,43,Wed,Autumn
2020-10-22,96,87.7142857142857,NA,2020,10,22,43,Thu,Autumn
2020-10-23,93,87.1428571428571,NA,2020,10,23,43,Fri,Autumn
2020-10-24,75,88.1428571428571,NA,2020,10,24,43,Sat,Autumn
2020-10-25,89,92,NA,2020,10,25,43,Sun,Autumn
2020-10-26,96,92.2857142857143,NA,2020,10,26,43,Mon,Autumn
2020-10-27,96,91,NA,2020,10,27,43,Tue,Autumn
2020-10-28,95,91.4285714285714,NA,2020,10,28,44,Wed,Autumn
2020-10-29,68,87.4285714285714,NA,2020,10,29,44,Thu,Autumn
2020-10-30,100,88.4285714285714,NA,2020,10,30,44,Fri,Autumn
2020-10-31,77,88.7142857142857,NA,2020,10,31,44,Sat,Autumn
2020-11-01,79,87.2857142857143,NA,2020,11,1,44,Sun,Autumn
2020-11-02,69,83.4285714285714,NA,2020,11,2,44,Mon,Autumn
2020-11-03,83,81.5714285714286,NA,2020,11,3,44,Tue,Autumn
2020-11-04,75,78.7142857142857,NA,2020,11,4,45,Wed,Autumn
2020-11-05,66,78.4285714285714,NA,2020,11,5,45,Thu,Autumn
2020-11-06,63,73.1428571428571,NA,2020,11,6,45,Fri,Autumn
2020-11-07,55,70,NA,2020,11,7,45,Sat,Autumn
2020-11-08,63,67.7142857142857,NA,2020,11,8,45,Sun,Autumn
2020-11-09,67,67.4285714285714,NA,2020,11,9,45,Mon,Autumn
2020-11-10,61,64.2857142857143,NA,2020,11,10,45,Tue,Autumn
2020-11-11,70,63.5714285714286,NA,2020,11,11,46,Wed,Autumn
2020-11-12,72,64.4285714285714,NA,2020,11,12,46,Thu,Autumn
2020-11-13,71,65.5714285714286,NA,2020,11,13,46,Fri,Autumn
2020-11-14,72,68,NA,2020,11,14,46,Sat,Autumn
2020-11-15,65,68.2857142857143,NA,2020,11,15,46,Sun,Autumn
2020-11-16,65,68,NA,2020,11,16,46,Mon,Autumn
2020-11-17,72,69.5714285714286,NA,2020,11,17,46,Tue,Autumn
2020-11-18,63,68.5714285714286,NA,2020,11,18,47,Wed,Autumn
2020-11-19,69,68.1428571428571,NA,2020,11,19,47,Thu,Autumn
2020-11-20,74,68.5714285714286,NA,2020,11,20,47,Fri,Autumn
2020-11-21,61,67,NA,2020,11,21,47,Sat,Autumn
2020-11-22,48,64.5714285714286,NA,2020,11,22,47,Sun,Autumn
2020-11-23,74,65.8571428571429,NA,2020,11,23,47,Mon,Autumn
2020-11-24,71,65.7142857142857,NA,2020,11,24,47,Tue,Autumn
2020-11-25,58,65,NA,2020,11,25,48,Wed,Autumn
2020-11-26,46,61.7142857142857,NA,2020,11,26,48,Thu,Autumn
2020-11-27,49,58.1428571428571,NA,2020,11,27,48,Fri,Autumn
2020-11-28,37,54.7142857142857,NA,2020,11,28,48,Sat,Autumn
2020-11-29,42,53.8571428571429,NA,2020,11,29,48,Sun,Autumn
2020-11-30,52,50.7142857142857,NA,2020,11,30,48,Mon,Autumn
2020-12-01,39,46.1428571428571,NA,2020,12,1,48,Tue,Winter
2020-12-02,61,46.5714285714286,NA,2020,12,2,49,Wed,Winter
2020-12-03,42,46,NA,2020,12,3,49,Thu,Winter
2020-12-04,52,46.4285714285714,NA,2020,12,4,49,Fri,Winter
2020-12-05,41,47,NA,2020,12,5,49,Sat,Winter
2020-12-06,40,46.7142857142857,NA,2020,12,6,49,Sun,Winter
2020-12-07,55,47.1428571428571,NA,2020,12,7,49,Mon,Winter
2020-12-08,53,49.1428571428571,NA,2020,12,8,49,Tue,Winter
2020-12-09,42,46.4285714285714,NA,2020,12,9,50,Wed,Winter
2020-12-10,49,47.4285714285714,NA,2020,12,10,50,Thu,Winter
2020-12-11,60,48.5714285714286,NA,2020,12,11,50,Fri,Winter
2020-12-12,41,48.5714285714286,NA,2020,12,12,50,Sat,Winter
2020-12-13,43,49,NA,2020,12,13,50,Sun,Winter
2020-12-14,69,51,NA,2020,12,14,50,Mon,Winter
2020-12-15,47,50.1428571428571,NA,2020,12,15,50,Tue,Winter
2020-12-16,63,53.1428571428571,NA,2020,12,16,51,Wed,Winter
2020-12-17,61,54.8571428571429,NA,2020,12,17,51,Thu,Winter
2020-12-18,54,54,NA,2020,12,18,51,Fri,Winter
2020-12-19,52,55.5714285714286,NA,2020,12,19,51,Sat,Winter
2020-12-20,48,56.2857142857143,NA,2020,12,20,51,Sun,Winter
2020-12-21,67,56,NA,2020,12,21,51,Mon,Winter
2020-12-22,53,56.8571428571429,NA,2020,12,22,51,Tue,Winter
2020-12-23,59,56.2857142857143,NA,2020,12,23,52,Wed,Winter
2020-12-24,45,54,NA,2020,12,24,52,Thu,Winter
2020-12-25,45,52.7142857142857,NA,2020,12,25,52,Fri,Winter
2020-12-26,64,54.4285714285714,NA,2020,12,26,52,Sat,Winter
2020-12-27,85,59.7142857142857,NA,2020,12,27,52,Sun,Winter
2020-12-28,95,63.7142857142857,NA,2020,12,28,52,Mon,Winter
2020-12-29,109,71.7142857142857,NA,2020,12,29,52,Tue,Winter
2020-12-30,111,79.1428571428571,NA,2020,12,30,53,Wed,Winter
2020-12-31,115,89.1428571428571,NA,2020,12,31,53,Thu,Winter
2021-01-01,91,95.7142857142857,NA,2021,1,1,1,Fri,Winter
2021-01-02,101,101,NA,2021,1,2,1,Sat,Winter
2021-01-03,98,102.857142857143,NA,2021,1,3,1,Sun,Winter
2021-01-04,129,107.714285714286,NA,2021,1,4,1,Mon,Winter
2021-01-05,129,110.571428571429,NA,2021,1,5,1,Tue,Winter
2021-01-06,142,115,NA,2021,1,6,1,Wed,Winter
2021-01-07,144,119.142857142857,NA,2021,1,7,1,Thu,Winter
2021-01-08,140,126.142857142857,NA,2021,1,8,2,Fri,Winter
2021-01-09,134,130.857142857143,NA,2021,1,9,2,Sat,Winter
2021-01-10,132,135.714285714286,NA,2021,1,10,2,Sun,Winter
2021-01-11,179,142.857142857143,NA,2021,1,11,2,Mon,Winter
2021-01-12,156,146.714285714286,NA,2021,1,12,2,Tue,Winter
2021-01-13,130,145,NA,2021,1,13,2,Wed,Winter
2021-01-14,135,143.714285714286,NA,2021,1,14,2,Thu,Winter
2021-01-15,153,145.571428571429,NA,2021,1,15,3,Fri,Winter
2021-01-16,124,144.142857142857,NA,2021,1,16,3,Sat,Winter
2021-01-17,116,141.857142857143,NA,2021,1,17,3,Sun,Winter
2021-01-18,123,133.857142857143,NA,2021,1,18,3,Mon,Winter
2021-01-19,149,132.857142857143,NA,2021,1,19,3,Tue,Winter
2021-01-20,133,133.285714285714,NA,2021,1,20,3,Wed,Winter
2021-01-21,141,134.142857142857,NA,2021,1,21,3,Thu,Winter
2021-01-22,119,129.285714285714,NA,2021,1,22,4,Fri,Winter
2021-01-23,111,127.428571428571,NA,2021,1,23,4,Sat,Winter
2021-01-24,81,122.428571428571,NA,2021,1,24,4,Sun,Winter
2021-01-25,116,121.428571428571,NA,2021,1,25,4,Mon,Winter
2021-01-26,118,117,NA,2021,1,26,4,Tue,Winter
2021-01-27,113,114.142857142857,NA,2021,1,27,4,Wed,Winter
2021-01-28,101,108.428571428571,NA,2021,1,28,4,Thu,Winter
2021-01-29,110,107.142857142857,NA,2021,1,29,5,Fri,Winter
2021-01-30,78,102.428571428571,NA,2021,1,30,5,Sat,Winter
2021-01-31,77,101.857142857143,NA,2021,1,31,5,Sun,Winter
2021-02-01,99,99.4285714285714,NA,2021,2,1,5,Mon,Winter
2021-02-02,83,94.4285714285714,NA,2021,2,2,5,Tue,Winter
2021-02-03,74,88.8571428571429,NA,2021,2,3,5,Wed,Winter
2021-02-04,85,86.5714285714286,NA,2021,2,4,5,Thu,Winter
2021-02-05,82,82.5714285714286,NA,2021,2,5,6,Fri,Winter
2021-02-06,68,81.1428571428571,NA,2021,2,6,6,Sat,Winter
2021-02-07,72,80.4285714285714,NA,2021,2,7,6,Sun,Winter
2021-02-08,56,74.2857142857143,NA,2021,2,8,6,Mon,Winter
2021-02-09,78,73.5714285714286,NA,2021,2,9,6,Tue,Winter
2021-02-10,65,72.2857142857143,NA,2021,2,10,6,Wed,Winter
2021-02-11,81,71.7142857142857,NA,2021,2,11,6,Thu,Winter
2021-02-12,68,69.7142857142857,NA,2021,2,12,7,Fri,Winter
2021-02-13,58,68.2857142857143,NA,2021,2,13,7,Sat,Winter
2021-02-14,59,66.4285714285714,NA,2021,2,14,7,Sun,Winter
2021-02-15,55,66.2857142857143,NA,2021,2,15,7,Mon,Winter
2021-02-16,84,67.1428571428571,NA,2021,2,16,7,Tue,Winter
2021-02-17,53,65.4285714285714,NA,2021,2,17,7,Wed,Winter
2021-02-18,56,61.8571428571429,NA,2021,2,18,7,Thu,Winter
2021-02-19,72,62.4285714285714,NA,2021,2,19,8,Fri,Winter
2021-02-20,64,63.2857142857143,NA,2021,2,20,8,Sat,Winter
2021-02-21,53,62.4285714285714,NA,2021,2,21,8,Sun,Winter
2021-02-22,61,63.2857142857143,NA,2021,2,22,8,Mon,Winter
2021-02-23,53,58.8571428571429,NA,2021,2,23,8,Tue,Winter
2021-02-24,46,57.8571428571429,NA,2021,2,24,8,Wed,Winter
2021-02-25,45,56.2857142857143,NA,2021,2,25,8,Thu,Winter
2021-02-26,51,53.2857142857143,NA,2021,2,26,9,Fri,Winter
2021-02-27,43,50.2857142857143,NA,2021,2,27,9,Sat,Winter
2021-02-28,41,48.5714285714286,NA,2021,2,28,9,Sun,Winter
2021-03-01,55,47.7142857142857,NA,2021,3,1,9,Mon,Spring
2021-03-02,51,47.4285714285714,NA,2021,3,2,9,Tue,Spring
2021-03-03,33,45.5714285714286,NA,2021,3,3,9,Wed,Spring
2021-03-04,33,43.8571428571429,NA,2021,3,4,9,Thu,Spring
2021-03-05,32,41.1428571428571,NA,2021,3,5,10,Fri,Spring
2021-03-06,24,38.4285714285714,NA,2021,3,6,10,Sat,Spring
2021-03-07,18,35.1428571428571,NA,2021,3,7,10,Sun,Spring
2021-03-08,28,31.2857142857143,NA,2021,3,8,10,Mon,Spring
2021-03-09,33,28.7142857142857,NA,2021,3,9,10,Tue,Spring
2021-03-10,28,28,NA,2021,3,10,10,Wed,Spring
2021-03-11,24,26.7142857142857,NA,2021,3,11,10,Thu,Spring
2021-03-12,27,26,NA,2021,3,12,11,Fri,Spring
2021-03-13,23,25.8571428571429,NA,2021,3,13,11,Sat,Spring
2021-03-14,23,26.5714285714286,NA,2021,3,14,11,Sun,Spring
2021-03-15,33,27.2857142857143,NA,2021,3,15,11,Mon,Spring
2021-03-16,19,25.2857142857143,NA,2021,3,16,11,Tue,Spring
2021-03-17,24,24.7142857142857,NA,2021,3,17,11,Wed,Spring
2021-03-18,27,25.1428571428571,NA,2021,3,18,11,Thu,Spring
2021-03-19,18,23.8571428571429,NA,2021,3,19,12,Fri,Spring
2021-03-20,17,23,NA,2021,3,20,12,Sat,Spring
2021-03-21,22,22.8571428571429,NA,2021,3,21,12,Sun,Spring
2021-03-22,20,21,NA,2021,3,22,12,Mon,Spring
2021-03-23,24,21.7142857142857,NA,2021,3,23,12,Tue,Spring
2021-03-24,22,21.4285714285714,NA,2021,3,24,12,Wed,Spring
2021-03-25,27,21.4285714285714,NA,2021,3,25,12,Thu,Spring
2021-03-26,19,21.5714285714286,NA,2021,3,26,13,Fri,Spring
2021-03-27,14,21.1428571428571,NA,2021,3,27,13,Sat,Spring
2021-03-28,22,21.1428571428571,NA,2021,3,28,13,Sun,Spring
2021-03-29,19,21,NA,2021,3,29,13,Mon,Spring
2021-03-30,13,19.4285714285714,NA,2021,3,30,13,Tue,Spring
2021-03-31,18,18.8571428571429,NA,2021,3,31,13,Wed,Spring
2021-04-01,18,17.5714285714286,NA,2021,4,1,13,Thu,Spring
2021-04-02,24,18.2857142857143,NA,2021,4,2,14,Fri,Spring
2021-04-03,15,18.4285714285714,NA,2021,4,3,14,Sat,Spring
2021-04-04,12,17,NA,2021,4,4,14,Sun,Spring
2021-04-05,23,17.5714285714286,NA,2021,4,5,14,Mon,Spring
2021-04-06,15,17.8571428571429,NA,2021,4,6,14,Tue,Spring
2021-04-07,16,17.5714285714286,NA,2021,4,7,14,Wed,Spring
2021-04-08,16,17.2857142857143,NA,2021,4,8,14,Thu,Spring
2021-04-09,16,16.1428571428571,NA,2021,4,9,15,Fri,Spring
2021-04-10,11,15.5714285714286,NA,2021,4,10,15,Sat,Spring
2021-04-11,9,15.1428571428571,NA,2021,4,11,15,Sun,Spring
2021-04-12,7,12.8571428571429,NA,2021,4,12,15,Mon,Spring
2021-04-13,8,11.8571428571429,NA,2021,4,13,15,Tue,Spring
2021-04-14,13,11.4285714285714,NA,2021,4,14,15,Wed,Spring
2021-04-15,12,10.8571428571429,NA,2021,4,15,15,Thu,Spring
2021-04-16,10,10,NA,2021,4,16,16,Fri,Spring
2021-04-17,8,9.57142857142857,NA,2021,4,17,16,Sat,Spring
2021-04-18,9,9.57142857142857,NA,2021,4,18,16,Sun,Spring
2021-04-19,10,10,NA,2021,4,19,16,Mon,Spring
2021-04-20,9,10.1428571428571,NA,2021,4,20,16,Tue,Spring
2021-04-21,8,9.42857142857143,NA,2021,4,21,16,Wed,Spring
2021-04-22,10,9.14285714285714,NA,2021,4,22,16,Thu,Spring
2021-04-23,13,9.57142857142857,NA,2021,4,23,17,Fri,Spring
2021-04-24,6,9.28571428571429,NA,2021,4,24,17,Sat,Spring
2021-04-25,7,9,NA,2021,4,25,17,Sun,Spring
2021-04-26,8,8.71428571428571,NA,2021,4,26,17,Mon,Spring
2021-04-27,8,8.57142857142857,NA,2021,4,27,17,Tue,Spring
2021-04-28,3,7.85714285714286,NA,2021,4,28,17,Wed,Spring
2021-04-29,8,7.57142857142857,NA,2021,4,29,17,Thu,Spring
2021-04-30,11,7.28571428571429,NA,2021,4,30,18,Fri,Spring
2021-05-01,8,7.57142857142857,NA,2021,5,1,18,Sat,Spring
2021-05-02,7,7.57142857142857,NA,2021,5,2,18,Sun,Spring
2021-05-03,6,7.28571428571429,NA,2021,5,3,18,Mon,Spring
2021-05-04,6,7,NA,2021,5,4,18,Tue,Spring
2021-05-05,6,7.42857142857143,NA,2021,5,5,18,Wed,Spring
2021-05-06,14,8.28571428571429,NA,2021,5,6,18,Thu,Spring
2021-05-07,7,7.71428571428571,NA,2021,5,7,19,Fri,Spring
2021-05-08,11,8.14285714285714,NA,2021,5,8,19,Sat,Spring
2021-05-09,8,8.28571428571429,NA,2021,5,9,19,Sun,Spring
2021-05-10,5,8.14285714285714,NA,2021,5,10,19,Mon,Spring
2021-05-11,10,8.71428571428571,NA,2021,5,11,19,Tue,Spring
2021-05-12,10,9.28571428571429,NA,2021,5,12,19,Wed,Spring
2021-05-13,7,8.28571428571429,NA,2021,5,13,19,Thu,Spring
2021-05-14,8,8.42857142857143,NA,2021,5,14,20,Fri,Spring
2021-05-15,6,7.71428571428571,NA,2021,5,15,20,Sat,Spring
2021-05-16,11,8.14285714285714,NA,2021,5,16,20,Sun,Spring
2021-05-17,11,9,NA,2021,5,17,20,Mon,Spring
2021-05-18,15,9.71428571428571,NA,2021,5,18,20,Tue,Spring
2021-05-19,16,10.5714285714286,NA,2021,5,19,20,Wed,Spring
2021-05-20,16,11.8571428571429,NA,2021,5,20,20,Thu,Spring
2021-05-21,21,13.7142857142857,NA,2021,5,21,21,Fri,Spring
2021-05-22,16,15.1428571428571,NA,2021,5,22,21,Sat,Spring
2021-05-23,12,15.2857142857143,NA,2021,5,23,21,Sun,Spring
2021-05-24,16,16,NA,2021,5,24,21,Mon,Spring
2021-05-25,15,16,NA,2021,5,25,21,Tue,Spring
2021-05-26,9,15,NA,2021,5,26,21,Wed,Spring
2021-05-27,11,14.2857142857143,NA,2021,5,27,21,Thu,Spring
2021-05-28,19,14,NA,2021,5,28,22,Fri,Spring
2021-05-29,20,14.5714285714286,NA,2021,5,29,22,Sat,Spring
2021-05-30,16,15.1428571428571,NA,2021,5,30,22,Sun,Spring
2021-05-31,16,15.1428571428571,NA,2021,5,31,22,Mon,Spring
2021-06-01,28,17,NA,2021,6,1,22,Tue,Summer
2021-06-02,15,17.8571428571429,NA,2021,6,2,22,Wed,Summer
2021-06-03,24,19.7142857142857,NA,2021,6,3,22,Thu,Summer
2021-06-04,18,19.5714285714286,NA,2021,6,4,23,Fri,Summer
2021-06-05,18,19.2857142857143,NA,2021,6,5,23,Sat,Summer
2021-06-06,25,20.5714285714286,NA,2021,6,6,23,Sun,Summer
2021-06-07,23,21.5714285714286,NA,2021,6,7,23,Mon,Summer
2021-06-08,19,20.2857142857143,NA,2021,6,8,23,Tue,Summer
2021-06-09,17,20.5714285714286,NA,2021,6,9,23,Wed,Summer
2021-06-10,26,20.8571428571429,NA,2021,6,10,23,Thu,Summer
2021-06-11,19,21,NA,2021,6,11,24,Fri,Summer
2021-06-12,25,22,NA,2021,6,12,24,Sat,Summer
2021-06-13,21,21.4285714285714,NA,2021,6,13,24,Sun,Summer
2021-06-14,29,22.2857142857143,NA,2021,6,14,24,Mon,Summer
2021-06-15,23,22.8571428571429,NA,2021,6,15,24,Tue,Summer
2021-06-16,33,25.1428571428571,NA,2021,6,16,24,Wed,Summer
2021-06-17,18,24,NA,2021,6,17,24,Thu,Summer
2021-06-18,38,26.7142857142857,NA,2021,6,18,25,Fri,Summer
2021-06-19,23,26.4285714285714,NA,2021,6,19,25,Sat,Summer
2021-06-20,22,26.5714285714286,NA,2021,6,20,25,Sun,Summer
2021-06-21,26,26.1428571428571,NA,2021,6,21,25,Mon,Summer
2021-06-22,33,27.5714285714286,NA,2021,6,22,25,Tue,Summer
2021-06-23,41,28.7142857142857,NA,2021,6,23,25,Wed,Summer
2021-06-24,35,31.1428571428571,NA,2021,6,24,25,Thu,Summer
2021-06-25,32,30.2857142857143,NA,2021,6,25,26,Fri,Summer
2021-06-26,29,31.1428571428571,NA,2021,6,26,26,Sat,Summer
2021-06-27,27,31.8571428571429,NA,2021,6,27,26,Sun,Summer
2021-06-28,48,35,NA,2021,6,28,26,Mon,Summer
2021-06-29,53,37.8571428571429,NA,2021,6,29,26,Tue,Summer
2021-06-30,50,39.1428571428571,NA,2021,6,30,26,Wed,Summer
2021-07-01,50,41.2857142857143,NA,2021,7,1,26,Thu,Summer
2021-07-02,57,44.8571428571429,NA,2021,7,2,27,Fri,Summer
2021-07-03,46,47.2857142857143,NA,2021,7,3,27,Sat,Summer
2021-07-04,62,52.2857142857143,NA,2021,7,4,27,Sun,Summer
2021-07-05,67,55,NA,2021,7,5,27,Mon,Summer
2021-07-06,85,59.5714285714286,NA,2021,7,6,27,Tue,Summer
2021-07-07,86,64.7142857142857,NA,2021,7,7,27,Wed,Summer
2021-07-08,81,69.1428571428571,NA,2021,7,8,27,Thu,Summer
2021-07-09,71,71.1428571428571,NA,2021,7,9,28,Fri,Summer
2021-07-10,65,73.8571428571429,NA,2021,7,10,28,Sat,Summer
2021-07-11,53,72.5714285714286,NA,2021,7,11,28,Sun,Summer
2021-07-12,83,74.8571428571429,NA,2021,7,12,28,Mon,Summer
2021-07-13,85,74.8571428571429,NA,2021,7,13,28,Tue,Summer
2021-07-14,63,71.5714285714286,NA,2021,7,14,28,Wed,Summer
2021-07-15,66,69.4285714285714,NA,2021,7,15,28,Thu,Summer
2021-07-16,56,67.2857142857143,NA,2021,7,16,29,Fri,Summer
2021-07-17,43,64.1428571428571,NA,2021,7,17,29,Sat,Summer
2021-07-18,52,64,NA,2021,7,18,29,Sun,Summer
2021-07-19,59,60.5714285714286,NA,2021,7,19,29,Mon,Summer
2021-07-20,50,55.5714285714286,NA,2021,7,20,29,Tue,Summer
2021-07-21,67,56.1428571428571,NA,2021,7,21,29,Wed,Summer
2021-07-22,51,54,NA,2021,7,22,29,Thu,Summer
2021-07-23,51,53.2857142857143,NA,2021,7,23,30,Fri,Summer
2021-07-24,36,52.2857142857143,NA,2021,7,24,30,Sat,Summer
2021-07-25,37,50.1428571428571,NA,2021,7,25,30,Sun,Summer
2021-07-26,45,48.1428571428571,NA,2021,7,26,30,Mon,Summer
2021-07-27,49,48,NA,2021,7,27,30,Tue,Summer
2021-07-28,56,46.4285714285714,NA,2021,7,28,30,Wed,Summer
2021-07-29,33,43.8571428571429,NA,2021,7,29,30,Thu,Summer
2021-07-30,36,41.7142857142857,NA,2021,7,30,31,Fri,Summer
2021-07-31,27,40.4285714285714,NA,2021,7,31,31,Sat,Summer
2021-08-01,31,39.5714285714286,NA,2021,8,1,31,Sun,Summer
2021-08-02,43,39.2857142857143,NA,2021,8,2,31,Mon,Summer
2021-08-03,35,37.2857142857143,NA,2021,8,3,31,Tue,Summer
2021-08-04,33,34,NA,2021,8,4,31,Wed,Summer
2021-08-05,42,35.2857142857143,NA,2021,8,5,31,Thu,Summer
2021-08-06,40,35.8571428571429,NA,2021,8,6,32,Fri,Summer
2021-08-07,28,36,NA,2021,8,7,32,Sat,Summer
2021-08-08,27,35.4285714285714,NA,2021,8,8,32,Sun,Summer
2021-08-09,28,33.2857142857143,NA,2021,8,9,32,Mon,Summer
2021-08-10,52,35.7142857142857,NA,2021,8,10,32,Tue,Summer
2021-08-11,29,35.1428571428571,NA,2021,8,11,32,Wed,Summer
2021-08-12,29,33.2857142857143,NA,2021,8,12,32,Thu,Summer
2021-08-13,29,31.7142857142857,NA,2021,8,13,33,Fri,Summer
2021-08-14,28,31.7142857142857,NA,2021,8,14,33,Sat,Summer
2021-08-15,24,31.2857142857143,NA,2021,8,15,33,Sun,Summer
2021-08-16,18,29.8571428571429,NA,2021,8,16,33,Mon,Summer
2021-08-17,40,28.1428571428571,NA,2021,8,17,33,Tue,Summer
2021-08-18,41,29.8571428571429,NA,2021,8,18,33,Wed,Summer
2021-08-19,38,31.1428571428571,NA,2021,8,19,33,Thu,Summer
2021-08-20,51,34.2857142857143,NA,2021,8,20,34,Fri,Summer
2021-08-21,37,35.5714285714286,NA,2021,8,21,34,Sat,Summer
2021-08-22,40,37.8571428571429,NA,2021,8,22,34,Sun,Summer
2021-08-23,50,42.4285714285714,NA,2021,8,23,34,Mon,Summer
2021-08-24,62,45.5714285714286,NA,2021,8,24,34,Tue,Summer
2021-08-25,82,51.4285714285714,NA,2021,8,25,34,Wed,Summer
2021-08-26,78,57.1428571428571,NA,2021,8,26,34,Thu,Summer
2021-08-27,84,61.8571428571429,NA,2021,8,27,35,Fri,Summer
2021-08-28,78,67.7142857142857,NA,2021,8,28,35,Sat,Summer
2021-08-29,76,72.8571428571429,NA,2021,8,29,35,Sun,Summer
2021-08-30,84,77.7142857142857,NA,2021,8,30,35,Mon,Summer
2021-08-31,104,83.7142857142857,NA,2021,8,31,35,Tue,Summer
2021-09-01,121,89.2857142857143,NA,2021,9,1,35,Wed,Autumn
2021-09-02,96,91.8571428571429,NA,2021,9,2,35,Thu,Autumn
2021-09-03,120,97,NA,2021,9,3,36,Fri,Autumn
2021-09-04,101,100.285714285714,NA,2021,9,4,36,Sat,Autumn
2021-09-05,87,101.857142857143,NA,2021,9,5,36,Sun,Autumn
2021-09-06,132,108.714285714286,NA,2021,9,6,36,Mon,Autumn
2021-09-07,162,117,NA,2021,9,7,36,Tue,Autumn
2021-09-08,130,118.285714285714,NA,2021,9,8,36,Wed,Autumn
2021-09-09,133,123.571428571429,NA,2021,9,9,36,Thu,Autumn
2021-09-10,143,126.857142857143,NA,2021,9,10,37,Fri,Autumn
2021-09-11,111,128.285714285714,NA,2021,9,11,37,Sat,Autumn
2021-09-12,114,132.142857142857,NA,2021,9,12,37,Sun,Autumn
2021-09-13,141,133.428571428571,NA,2021,9,13,37,Mon,Autumn
2021-09-14,134,129.428571428571,NA,2021,9,14,37,Tue,Autumn
2021-09-15,138,130.571428571429,NA,2021,9,15,37,Wed,Autumn
2021-09-16,121,128.857142857143,NA,2021,9,16,37,Thu,Autumn
2021-09-17,113,124.571428571429,NA,2021,9,17,38,Fri,Autumn
2021-09-18,92,121.857142857143,NA,2021,9,18,38,Sat,Autumn
2021-09-19,78,116.714285714286,NA,2021,9,19,38,Sun,Autumn
2021-09-20,118,113.428571428571,NA,2021,9,20,38,Mon,Autumn
2021-09-21,95,107.857142857143,NA,2021,9,21,38,Tue,Autumn
2021-09-22,85,100.285714285714,NA,2021,9,22,38,Wed,Autumn
2021-09-23,92,96.1428571428571,NA,2021,9,23,38,Thu,Autumn
2021-09-24,79,91.2857142857143,NA,2021,9,24,39,Fri,Autumn
2021-09-25,72,88.4285714285714,NA,2021,9,25,39,Sat,Autumn
2021-09-26,67,86.8571428571429,NA,2021,9,26,39,Sun,Autumn
2021-09-27,88,82.5714285714286,NA,2021,9,27,39,Mon,Autumn
2021-09-28,86,81.2857142857143,NA,2021,9,28,39,Tue,Autumn
2021-09-29,75,79.8571428571429,NA,2021,9,29,39,Wed,Autumn
2021-09-30,63,75.7142857142857,NA,2021,9,30,39,Thu,Autumn
2021-10-01,74,75,NA,2021,10,1,40,Fri,Autumn
2021-10-02,70,74.7142857142857,NA,2021,10,2,40,Sat,Autumn
2021-10-03,76,76,NA,2021,10,3,40,Sun,Autumn
2021-10-04,96,77.1428571428571,NA,2021,10,4,40,Mon,Autumn
2021-10-05,78,76,NA,2021,10,5,40,Tue,Autumn
2021-10-06,71,75.4285714285714,NA,2021,10,6,40,Wed,Autumn
2021-10-07,84,78.4285714285714,NA,2021,10,7,40,Thu,Autumn
2021-10-08,88,80.4285714285714,NA,2021,10,8,41,Fri,Autumn
2021-10-09,65,79.7142857142857,NA,2021,10,9,41,Sat,Autumn
2021-10-10,57,77,NA,2021,10,10,41,Sun,Autumn
2021-10-11,60,71.8571428571429,NA,2021,10,11,41,Mon,Autumn
2021-10-12,72,71,NA,2021,10,12,41,Tue,Autumn
2021-10-13,58,69.1428571428571,NA,2021,10,13,41,Wed,Autumn
2021-10-14,79,68.4285714285714,NA,2021,10,14,41,Thu,Autumn
2021-10-15,80,67.2857142857143,NA,2021,10,15,42,Fri,Autumn
2021-10-16,63,67,NA,2021,10,16,42,Sat,Autumn
2021-10-17,48,65.7142857142857,NA,2021,10,17,42,Sun,Autumn
2021-10-18,89,69.8571428571429,NA,2021,10,18,42,Mon,Autumn
2021-10-19,99,73.7142857142857,NA,2021,10,19,42,Tue,Autumn
2021-10-20,85,77.5714285714286,NA,2021,10,20,42,Wed,Autumn
2021-10-21,80,77.7142857142857,NA,2021,10,21,42,Thu,Autumn
2021-10-22,85,78.4285714285714,NA,2021,10,22,43,Fri,Autumn
2021-10-23,62,78.2857142857143,NA,2021,10,23,43,Sat,Autumn
2021-10-24,63,80.4285714285714,NA,2021,10,24,43,Sun,Autumn
2021-10-25,90,80.5714285714286,NA,2021,10,25,43,Mon,Autumn
2021-10-26,88,79,NA,2021,10,26,43,Tue,Autumn
2021-10-27,86,79.1428571428571,NA,2021,10,27,43,Wed,Autumn
2021-10-28,79,79,NA,2021,10,28,43,Thu,Autumn
2021-10-29,87,79.2857142857143,NA,2021,10,29,44,Fri,Autumn
2021-10-30,61,79.1428571428571,NA,2021,10,30,44,Sat,Autumn
2021-10-31,63,79.1428571428571,NA,2021,10,31,44,Sun,Autumn
2021-11-01,92,79.4285714285714,NA,2021,11,1,44,Mon,Autumn
2021-11-02,81,78.4285714285714,NA,2021,11,2,44,Tue,Autumn
2021-11-03,78,77.2857142857143,NA,2021,11,3,44,Wed,Autumn
2021-11-04,66,75.4285714285714,NA,2021,11,4,44,Thu,Autumn
2021-11-05,72,73.2857142857143,NA,2021,11,5,45,Fri,Autumn
2021-11-06,52,72,NA,2021,11,6,45,Sat,Autumn
2021-11-07,57,71.1428571428571,NA,2021,11,7,45,Sun,Autumn
2021-11-08,84,70,NA,2021,11,8,45,Mon,Autumn
2021-11-09,82,70.1428571428571,NA,2021,11,9,45,Tue,Autumn
2021-11-10,64,68.1428571428571,NA,2021,11,10,45,Wed,Autumn
2021-11-11,86,71,NA,2021,11,11,45,Thu,Autumn
2021-11-12,59,69.1428571428571,NA,2021,11,12,46,Fri,Autumn
2021-11-13,38,67.1428571428571,NA,2021,11,13,46,Sat,Autumn
2021-11-14,61,67.7142857142857,NA,2021,11,14,46,Sun,Autumn
2021-11-15,68,65.4285714285714,NA,2021,11,15,46,Mon,Autumn
2021-11-16,74,64.2857142857143,NA,2021,11,16,46,Tue,Autumn
2021-11-17,58,63.4285714285714,NA,2021,11,17,46,Wed,Autumn
2021-11-18,54,58.8571428571429,NA,2021,11,18,46,Thu,Autumn
2021-11-19,54,58.1428571428571,NA,2021,11,19,47,Fri,Autumn
2021-11-20,35,57.7142857142857,NA,2021,11,20,47,Sat,Autumn
2021-11-21,40,54.7142857142857,NA,2021,11,21,47,Sun,Autumn
2021-11-22,66,54.4285714285714,NA,2021,11,22,47,Mon,Autumn
2021-11-23,55,51.7142857142857,NA,2021,11,23,47,Tue,Autumn
2021-11-24,65,52.7142857142857,NA,2021,11,24,47,Wed,Autumn
2021-11-25,52,52.4285714285714,NA,2021,11,25,47,Thu,Autumn
2021-11-26,47,51.4285714285714,NA,2021,11,26,48,Fri,Autumn
2021-11-27,39,52,NA,2021,11,27,48,Sat,Autumn
2021-11-28,40,52,NA,2021,11,28,48,Sun,Autumn
2021-11-29,66,52,NA,2021,11,29,48,Mon,Autumn
2021-11-30,47,50.8571428571429,NA,2021,11,30,48,Tue,Autumn
2021-12-01,50,48.7142857142857,NA,2021,12,1,48,Wed,Winter
2021-12-02,45,47.7142857142857,NA,2021,12,2,48,Thu,Winter
2021-12-03,34,45.8571428571429,NA,2021,12,3,49,Fri,Winter
2021-12-04,48,47.1428571428571,NA,2021,12,4,49,Sat,Winter
2021-12-05,37,46.7142857142857,NA,2021,12,5,49,Sun,Winter
2021-12-06,63,46.2857142857143,NA,2021,12,6,49,Mon,Winter
2021-12-07,63,48.5714285714286,NA,2021,12,7,49,Tue,Winter
2021-12-08,61,50.1428571428571,NA,2021,12,8,49,Wed,Winter
2021-12-09,64,52.8571428571429,NA,2021,12,9,49,Thu,Winter
2021-12-10,38,53.4285714285714,NA,2021,12,10,50,Fri,Winter
2021-12-11,33,51.2857142857143,NA,2021,12,11,50,Sat,Winter
2021-12-12,32,50.5714285714286,NA,2021,12,12,50,Sun,Winter
2021-12-13,53,49.1428571428571,NA,2021,12,13,50,Mon,Winter
2021-12-14,48,47,NA,2021,12,14,50,Tue,Winter
2021-12-15,53,45.8571428571429,NA,2021,12,15,50,Wed,Winter
2021-12-16,47,43.4285714285714,NA,2021,12,16,50,Thu,Winter
2021-12-17,41,43.8571428571429,NA,2021,12,17,51,Fri,Winter
2021-12-18,43,45.2857142857143,NA,2021,12,18,51,Sat,Winter
2021-12-19,35,45.7142857142857,NA,2021,12,19,51,Sun,Winter
2021-12-20,70,48.1428571428571,NA,2021,12,20,51,Mon,Winter
2021-12-21,54,49,NA,2021,12,21,51,Tue,Winter
2021-12-22,66,50.8571428571429,NA,2021,12,22,51,Wed,Winter
2021-12-23,50,51.2857142857143,NA,2021,12,23,51,Thu,Winter
2021-12-24,66,54.8571428571429,NA,2021,12,24,52,Fri,Winter
2021-12-25,42,54.7142857142857,NA,2021,12,25,52,Sat,Winter
2021-12-26,69,59.5714285714286,NA,2021,12,26,52,Sun,Winter
2021-12-27,93,62.8571428571429,NA,2021,12,27,52,Mon,Winter
2021-12-28,98,69.1428571428571,NA,2021,12,28,52,Tue,Winter
2021-12-29,117,76.4285714285714,NA,2021,12,29,52,Wed,Winter
2021-12-30,119,86.2857142857143,NA,2021,12,30,52,Thu,Winter
2021-12-31,122,94.2857142857143,NA,2021,12,31,53,Fri,Winter
2022-01-01,94,101.714285714286,NA,2022,1,1,1,Sat,Winter
2022-01-02,109,107.428571428571,NA,2022,1,2,1,Sun,Winter
2022-01-03,109,109.714285714286,NA,2022,1,3,1,Mon,Winter
2022-01-04,132,114.571428571429,NA,2022,1,4,1,Tue,Winter
2022-01-05,118,114.714285714286,NA,2022,1,5,1,Wed,Winter
2022-01-06,109,113.285714285714,NA,2022,1,6,1,Thu,Winter
2022-01-07,105,110.857142857143,NA,2022,1,7,1,Fri,Winter
2022-01-08,87,109.857142857143,NA,2022,1,8,2,Sat,Winter
2022-01-09,104,109.142857142857,NA,2022,1,9,2,Sun,Winter
2022-01-10,116,110.142857142857,NA,2022,1,10,2,Mon,Winter
2022-01-11,111,107.142857142857,NA,2022,1,11,2,Tue,Winter
2022-01-12,102,104.857142857143,NA,2022,1,12,2,Wed,Winter
2022-01-13,94,102.714285714286,NA,2022,1,13,2,Thu,Winter
2022-01-14,114,104,NA,2022,1,14,2,Fri,Winter
2022-01-15,64,100.714285714286,NA,2022,1,15,3,Sat,Winter
2022-01-16,62,94.7142857142857,NA,2022,1,16,3,Sun,Winter
2022-01-17,102,92.7142857142857,NA,2022,1,17,3,Mon,Winter
2022-01-18,103,91.5714285714286,NA,2022,1,18,3,Tue,Winter
2022-01-19,77,88,NA,2022,1,19,3,Wed,Winter
2022-01-20,76,85.4285714285714,NA,2022,1,20,3,Thu,Winter
2022-01-21,78,80.2857142857143,NA,2022,1,21,3,Fri,Winter
2022-01-22,60,79.7142857142857,NA,2022,1,22,4,Sat,Winter
2022-01-23,61,79.5714285714286,NA,2022,1,23,4,Sun,Winter
2022-01-24,86,77.2857142857143,NA,2022,1,24,4,Mon,Winter
2022-01-25,74,73.1428571428571,NA,2022,1,25,4,Tue,Winter
2022-01-26,68,71.8571428571429,NA,2022,1,26,4,Wed,Winter
2022-01-27,58,69.2857142857143,NA,2022,1,27,4,Thu,Winter
2022-01-28,66,67.5714285714286,NA,2022,1,28,4,Fri,Winter
2022-01-29,50,66.1428571428571,NA,2022,1,29,5,Sat,Winter
2022-01-30,52,64.8571428571429,NA,2022,1,30,5,Sun,Winter
2022-01-31,73,63,NA,2022,1,31,5,Mon,Winter
2022-02-01,80,63.8571428571429,NA,2022,2,1,5,Tue,Winter
2022-02-02,53,61.7142857142857,NA,2022,2,2,5,Wed,Winter
2022-02-03,67,63,NA,2022,2,3,5,Thu,Winter
2022-02-04,68,63.2857142857143,NA,2022,2,4,5,Fri,Winter
2022-02-05,58,64.4285714285714,NA,2022,2,5,6,Sat,Winter
2022-02-06,35,62,NA,2022,2,6,6,Sun,Winter
2022-02-07,67,61.1428571428571,NA,2022,2,7,6,Mon,Winter
2022-02-08,74,60.2857142857143,NA,2022,2,8,6,Tue,Winter
2022-02-09,64,61.8571428571429,NA,2022,2,9,6,Wed,Winter
2022-02-10,57,60.4285714285714,NA,2022,2,10,6,Thu,Winter
2022-02-11,54,58.4285714285714,NA,2022,2,11,6,Fri,Winter
2022-02-12,47,56.8571428571429,NA,2022,2,12,7,Sat,Winter
2022-02-13,56,59.8571428571429,NA,2022,2,13,7,Sun,Winter
2022-02-14,78,61.4285714285714,NA,2022,2,14,7,Mon,Winter
2022-02-15,71,61,NA,2022,2,15,7,Tue,Winter
2022-02-16,83,63.7142857142857,NA,2022,2,16,7,Wed,Winter
2022-02-17,68,65.2857142857143,NA,2022,2,17,7,Thu,Winter
2022-02-18,73,68,NA,2022,2,18,7,Fri,Winter
2022-02-19,62,70.1428571428571,NA,2022,2,19,8,Sat,Winter
2022-02-20,49,69.1428571428571,NA,2022,2,20,8,Sun,Winter
2022-02-21,75,68.7142857142857,NA,2022,2,21,8,Mon,Winter
2022-02-22,79,69.8571428571429,NA,2022,2,22,8,Tue,Winter
2022-02-23,92,71.1428571428571,NA,2022,2,23,8,Wed,Winter
2022-02-24,93,74.7142857142857,NA,2022,2,24,8,Thu,Winter
2022-02-25,95,77.8571428571429,NA,2022,2,25,8,Fri,Winter
2022-02-26,83,80.8571428571429,NA,2022,2,26,9,Sat,Winter
2022-02-27,72,84.1428571428571,NA,2022,2,27,9,Sun,Winter
2022-02-28,100,87.7142857142857,NA,2022,2,28,9,Mon,Winter
2022-03-01,88,89,NA,2022,3,1,9,Tue,Spring
2022-03-02,88,88.4285714285714,NA,2022,3,2,9,Wed,Spring
2022-03-03,83,87,NA,2022,3,3,9,Thu,Spring
2022-03-04,102,88,NA,2022,3,4,9,Fri,Spring
2022-03-05,68,85.8571428571429,NA,2022,3,5,10,Sat,Spring
2022-03-06,80,87,NA,2022,3,6,10,Sun,Spring
2022-03-07,92,85.8571428571429,NA,2022,3,7,10,Mon,Spring
2022-03-08,114,89.5714285714286,NA,2022,3,8,10,Tue,Spring
2022-03-09,119,94,NA,2022,3,9,10,Wed,Spring
2022-03-10,111,98,NA,2022,3,10,10,Thu,Spring
2022-03-11,138,103.142857142857,NA,2022,3,11,10,Fri,Spring
2022-03-12,124,111.142857142857,NA,2022,3,12,11,Sat,Spring
2022-03-13,110,115.428571428571,NA,2022,3,13,11,Sun,Spring
2022-03-14,142,122.571428571429,NA,2022,3,14,11,Mon,Spring
2022-03-15,143,126.714285714286,NA,2022,3,15,11,Tue,Spring
2022-03-16,140,129.714285714286,NA,2022,3,16,11,Wed,Spring
2022-03-17,140,133.857142857143,NA,2022,3,17,11,Thu,Spring
2022-03-18,154,136.142857142857,NA,2022,3,18,11,Fri,Spring
2022-03-19,103,133.142857142857,NA,2022,3,19,12,Sat,Spring
2022-03-20,109,133,NA,2022,3,20,12,Sun,Spring
2022-03-21,133,131.714285714286,NA,2022,3,21,12,Mon,Spring
2022-03-22,148,132.428571428571,NA,2022,3,22,12,Tue,Spring
2022-03-23,149,133.714285714286,NA,2022,3,23,12,Wed,Spring
2022-03-24,140,133.714285714286,NA,2022,3,24,12,Thu,Spring
2022-03-25,140,131.714285714286,NA,2022,3,25,12,Fri,Spring
2022-03-26,100,131.285714285714,NA,2022,3,26,13,Sat,Spring
2022-03-27,94,129.142857142857,NA,2022,3,27,13,Sun,Spring
2022-03-28,114,126.428571428571,NA,2022,3,28,13,Mon,Spring
2022-03-29,149,126.571428571429,NA,2022,3,29,13,Tue,Spring
2022-03-30,149,126.571428571429,NA,2022,3,30,13,Wed,Spring
2022-03-31,138,126.285714285714,NA,2022,3,31,13,Thu,Spring
2022-04-01,108,121.714285714286,NA,2022,4,1,13,Fri,Spring
2022-04-02,109,123,NA,2022,4,2,14,Sat,Spring
2022-04-03,92,122.714285714286,NA,2022,4,3,14,Sun,Spring
2022-04-04,133,125.428571428571,NA,2022,4,4,14,Mon,Spring
2022-04-05,111,120,NA,2022,4,5,14,Tue,Spring
2022-04-06,92,111.857142857143,NA,2022,4,6,14,Wed,Spring
2022-04-07,105,107.142857142857,NA,2022,4,7,14,Thu,Spring
2022-04-08,106,106.857142857143,NA,2022,4,8,14,Fri,Spring
2022-04-09,87,103.714285714286,NA,2022,4,9,15,Sat,Spring
2022-04-10,90,103.428571428571,NA,2022,4,10,15,Sun,Spring
2022-04-11,90,97.2857142857143,NA,2022,4,11,15,Mon,Spring
2022-04-12,88,94,NA,2022,4,12,15,Tue,Spring
2022-04-13,94,94.2857142857143,NA,2022,4,13,15,Wed,Spring
2022-04-14,86,91.5714285714286,NA,2022,4,14,15,Thu,Spring
2022-04-15,78,87.5714285714286,NA,2022,4,15,15,Fri,Spring
2022-04-16,74,85.7142857142857,NA,2022,4,16,16,Sat,Spring
2022-04-17,63,81.8571428571429,NA,2022,4,17,16,Sun,Spring
2022-04-18,67,78.5714285714286,NA,2022,4,18,16,Mon,Spring
2022-04-19,81,77.5714285714286,NA,2022,4,19,16,Tue,Spring
2022-04-20,60,72.7142857142857,NA,2022,4,20,16,Wed,Spring
2022-04-21,73,70.8571428571429,NA,2022,4,21,16,Thu,Spring
2022-04-22,82,71.4285714285714,NA,2022,4,22,16,Fri,Spring
2022-04-23,47,67.5714285714286,NA,2022,4,23,17,Sat,Spring
2022-04-24,41,64.4285714285714,NA,2022,4,24,17,Sun,Spring
2022-04-25,58,63.1428571428571,NA,2022,4,25,17,Mon,Spring
2022-04-26,51,58.8571428571429,NA,2022,4,26,17,Tue,Spring
2022-04-27,66,59.7142857142857,NA,2022,4,27,17,Wed,Spring
2022-04-28,50,56.4285714285714,NA,2022,4,28,17,Thu,Spring
2022-04-29,46,51.2857142857143,NA,2022,4,29,17,Fri,Spring
2022-04-30,45,51,NA,2022,4,30,18,Sat,Spring
2022-05-01,48,52,NA,2022,5,1,18,Sun,Spring
2022-05-02,44,50,NA,2022,5,2,18,Mon,Spring
2022-05-03,51,50,NA,2022,5,3,18,Tue,Spring
2022-05-04,54,48.2857142857143,NA,2022,5,4,18,Wed,Spring
2022-05-05,34,46,NA,2022,5,5,18,Thu,Spring
2022-05-06,41,45.2857142857143,NA,2022,5,6,18,Fri,Spring
2022-05-07,34,43.7142857142857,NA,2022,5,7,19,Sat,Spring
2022-05-08,29,41,NA,2022,5,8,19,Sun,Spring
2022-05-09,57,42.8571428571429,NA,2022,5,9,19,Mon,Spring
2022-05-10,63,44.5714285714286,NA,2022,5,10,19,Tue,Spring
2022-05-11,47,43.5714285714286,NA,2022,5,11,19,Wed,Spring
2022-05-12,48,45.5714285714286,NA,2022,5,12,19,Thu,Spring
2022-05-13,33,44.4285714285714,NA,2022,5,13,19,Fri,Spring
2022-05-14,23,42.8571428571429,NA,2022,5,14,20,Sat,Spring
2022-05-15,29,42.8571428571429,NA,2022,5,15,20,Sun,Spring
2022-05-16,42,40.7142857142857,NA,2022,5,16,20,Mon,Spring
2022-05-17,31,36.1428571428571,NA,2022,5,17,20,Tue,Spring
2022-05-18,31,33.8571428571429,NA,2022,5,18,20,Wed,Spring
2022-05-19,28,31,NA,2022,5,19,20,Thu,Spring
2022-05-20,41,32.1428571428571,NA,2022,5,20,20,Fri,Spring
2022-05-21,19,31.5714285714286,NA,2022,5,21,21,Sat,Spring
2022-05-22,26,31.1428571428571,NA,2022,5,22,21,Sun,Spring
2022-05-23,31,29.5714285714286,NA,2022,5,23,21,Mon,Spring
2022-05-24,51,32.4285714285714,NA,2022,5,24,21,Tue,Spring
2022-05-25,43,34.1428571428571,NA,2022,5,25,21,Wed,Spring
2022-05-26,30,34.4285714285714,NA,2022,5,26,21,Thu,Spring
2022-05-27,36,33.7142857142857,NA,2022,5,27,21,Fri,Spring
2022-05-28,30,35.2857142857143,NA,2022,5,28,22,Sat,Spring
2022-05-29,45,38,NA,2022,5,29,22,Sun,Spring
2022-05-30,34,38.4285714285714,NA,2022,5,30,22,Mon,Spring
2022-05-31,30,35.4285714285714,NA,2022,5,31,22,Tue,Spring
2022-06-01,43,35.4285714285714,NA,2022,6,1,22,Wed,Summer
2022-06-02,53,38.7142857142857,NA,2022,6,2,22,Thu,Summer
2022-06-03,44,39.8571428571429,NA,2022,6,3,22,Fri,Summer
2022-06-04,44,41.8571428571429,NA,2022,6,4,23,Sat,Summer
2022-06-05,50,42.5714285714286,NA,2022,6,5,23,Sun,Summer
2022-06-06,59,46.1428571428571,NA,2022,6,6,23,Mon,Summer
2022-06-07,48,48.7142857142857,NA,2022,6,7,23,Tue,Summer
2022-06-08,52,50,NA,2022,6,8,23,Wed,Summer
2022-06-09,70,52.4285714285714,NA,2022,6,9,23,Thu,Summer
2022-06-10,73,56.5714285714286,NA,2022,6,10,23,Fri,Summer
2022-06-11,58,58.5714285714286,NA,2022,6,11,24,Sat,Summer
2022-06-12,68,61.1428571428571,NA,2022,6,12,24,Sun,Summer
2022-06-13,70,62.7142857142857,NA,2022,6,13,24,Mon,Summer
2022-06-14,76,66.7142857142857,NA,2022,6,14,24,Tue,Summer
2022-06-15,75,70,NA,2022,6,15,24,Wed,Summer
2022-06-16,82,71.7142857142857,NA,2022,6,16,24,Thu,Summer
2022-06-17,81,72.8571428571429,NA,2022,6,17,24,Fri,Summer
2022-06-18,61,73.2857142857143,NA,2022,6,18,25,Sat,Summer
2022-06-19,62,72.4285714285714,NA,2022,6,19,25,Sun,Summer
2022-06-20,88,75,NA,2022,6,20,25,Mon,Summer
2022-06-21,108,79.5714285714286,NA,2022,6,21,25,Tue,Summer
2022-06-22,98,82.8571428571429,NA,2022,6,22,25,Wed,Summer
2022-06-23,117,87.8571428571429,NA,2022,6,23,25,Thu,Summer
2022-06-24,129,94.7142857142857,NA,2022,6,24,25,Fri,Summer
2022-06-25,103,100.714285714286,NA,2022,6,25,26,Sat,Summer
2022-06-26,95,105.428571428571,NA,2022,6,26,26,Sun,Summer
2022-06-27,106,108,NA,2022,6,27,26,Mon,Summer
2022-06-28,142,112.857142857143,NA,2022,6,28,26,Tue,Summer
2022-06-29,113,115,NA,2022,6,29,26,Wed,Summer
2022-06-30,117,115,NA,2022,6,30,26,Thu,Summer
2022-07-01,112,112.571428571429,NA,2022,7,1,26,Fri,Summer
2022-07-02,110,113.571428571429,NA,2022,7,2,27,Sat,Summer
2022-07-03,84,112,NA,2022,7,3,27,Sun,Summer
2022-07-04,125,114.714285714286,NA,2022,7,4,27,Mon,Summer
2022-07-05,125,112.285714285714,NA,2022,7,5,27,Tue,Summer
2022-07-06,119,113.142857142857,NA,2022,7,6,27,Wed,Summer
2022-07-07,120,113.571428571429,NA,2022,7,7,27,Thu,Summer
2022-07-08,113,113.714285714286,NA,2022,7,8,27,Fri,Summer
2022-07-09,99,112.142857142857,NA,2022,7,9,28,Sat,Summer
2022-07-10,77,111.142857142857,NA,2022,7,10,28,Sun,Summer
2022-07-11,137,112.857142857143,NA,2022,7,11,28,Mon,Summer
2022-07-12,131,113.714285714286,NA,2022,7,12,28,Tue,Summer
2022-07-13,111,112.571428571429,NA,2022,7,13,28,Wed,Summer
2022-07-14,89,108.142857142857,NA,2022,7,14,28,Thu,Summer
2022-07-15,72,102.285714285714,NA,2022,7,15,28,Fri,Summer
2022-07-16,68,97.8571428571429,NA,2022,7,16,29,Sat,Summer
2022-07-17,83,98.7142857142857,NA,2022,7,17,29,Sun,Summer
2022-07-18,97,93,NA,2022,7,18,29,Mon,Summer
2022-07-19,100,88.5714285714286,NA,2022,7,19,29,Tue,Summer
2022-07-20,105,87.7142857142857,NA,2022,7,20,29,Wed,Summer
2022-07-21,79,86.2857142857143,NA,2022,7,21,29,Thu,Summer
2022-07-22,80,87.4285714285714,NA,2022,7,22,29,Fri,Summer
2022-07-23,81,89.2857142857143,NA,2022,7,23,30,Sat,Summer
2022-07-24,67,87,NA,2022,7,24,30,Sun,Summer
2022-07-25,80,84.5714285714286,NA,2022,7,25,30,Mon,Summer
2022-07-26,68,80,NA,2022,7,26,30,Tue,Summer
2022-07-27,71,75.1428571428571,NA,2022,7,27,30,Wed,Summer
2022-07-28,65,73.1428571428571,NA,2022,7,28,30,Thu,Summer
2022-07-29,68,71.4285714285714,NA,2022,7,29,30,Fri,Summer
2022-07-30,57,68,NA,2022,7,30,31,Sat,Summer
2022-07-31,46,65,NA,2022,7,31,31,Sun,Summer
2022-08-01,61,62.2857142857143,NA,2022,8,1,31,Mon,Summer
2022-08-02,59,61,NA,2022,8,2,31,Tue,Summer
2022-08-03,59,59.2857142857143,NA,2022,8,3,31,Wed,Summer
2022-08-04,47,56.7142857142857,NA,2022,8,4,31,Thu,Summer
2022-08-05,44,53.2857142857143,NA,2022,8,5,31,Fri,Summer
2022-08-06,28,49.1428571428571,NA,2022,8,6,32,Sat,Summer
2022-08-07,47,49.2857142857143,NA,2022,8,7,32,Sun,Summer
2022-08-08,49,47.5714285714286,NA,2022,8,8,32,Mon,Summer
2022-08-09,46,45.7142857142857,NA,2022,8,9,32,Tue,Summer
2022-08-10,51,44.5714285714286,NA,2022,8,10,32,Wed,Summer
2022-08-11,38,43.2857142857143,NA,2022,8,11,32,Thu,Summer
2022-08-12,55,44.8571428571429,NA,2022,8,12,32,Fri,Summer
2022-08-13,33,45.5714285714286,NA,2022,8,13,33,Sat,Summer
2022-08-14,35,43.8571428571429,NA,2022,8,14,33,Sun,Summer
2022-08-15,46,43.4285714285714,NA,2022,8,15,33,Mon,Summer
2022-08-16,37,42.1428571428571,NA,2022,8,16,33,Tue,Summer
2022-08-17,36,40,NA,2022,8,17,33,Wed,Summer
2022-08-18,27,38.4285714285714,NA,2022,8,18,33,Thu,Summer
2022-08-19,42,36.5714285714286,NA,2022,8,19,33,Fri,Summer
2022-08-20,24,35.2857142857143,NA,2022,8,20,34,Sat,Summer
2022-08-21,35,35.2857142857143,NA,2022,8,21,34,Sun,Summer
2022-08-22,37,34,NA,2022,8,22,34,Mon,Summer
2022-08-23,42,34.7142857142857,NA,2022,8,23,34,Tue,Summer
2022-08-24,43,35.7142857142857,NA,2022,8,24,34,Wed,Summer
2022-08-25,41,37.7142857142857,NA,2022,8,25,34,Thu,Summer
2022-08-26,35,36.7142857142857,NA,2022,8,26,34,Fri,Summer
2022-08-27,28,37.2857142857143,NA,2022,8,27,35,Sat,Summer
2022-08-28,33,37,NA,2022,8,28,35,Sun,Summer
2022-08-29,41,37.5714285714286,NA,2022,8,29,35,Mon,Summer
2022-08-30,34,36.4285714285714,NA,2022,8,30,35,Tue,Summer
2022-08-31,41,36.1428571428571,NA,2022,8,31,35,Wed,Summer
2022-09-01,42,36.2857142857143,NA,2022,9,1,35,Thu,Autumn
2022-09-02,48,38.1428571428571,NA,2022,9,2,35,Fri,Autumn
2022-09-03,28,38.1428571428571,NA,2022,9,3,36,Sat,Autumn
2022-09-04,41,39.2857142857143,NA,2022,9,4,36,Sun,Autumn
2022-09-05,48,40.2857142857143,NA,2022,9,5,36,Mon,Autumn
2022-09-06,59,43.8571428571429,NA,2022,9,6,36,Tue,Autumn
2022-09-07,40,43.7142857142857,NA,2022,9,7,36,Wed,Autumn
2022-09-08,45,44.1428571428571,NA,2022,9,8,36,Thu,Autumn
2022-09-09,39,42.8571428571429,NA,2022,9,9,36,Fri,Autumn
2022-09-10,28,42.8571428571429,NA,2022,9,10,37,Sat,Autumn
2022-09-11,24,40.4285714285714,NA,2022,9,11,37,Sun,Autumn
2022-09-12,45,40,NA,2022,9,12,37,Mon,Autumn
2022-09-13,38,37,NA,2022,9,13,37,Tue,Autumn
2022-09-14,50,38.4285714285714,NA,2022,9,14,37,Wed,Autumn
2022-09-15,31,36.4285714285714,NA,2022,9,15,37,Thu,Autumn
2022-09-16,37,36.1428571428571,NA,2022,9,16,37,Fri,Autumn
2022-09-17,34,37,NA,2022,9,17,38,Sat,Autumn
2022-09-18,27,37.4285714285714,NA,2022,9,18,38,Sun,Autumn
2022-09-19,30,35.2857142857143,NA,2022,9,19,38,Mon,Autumn
2022-09-20,43,36,NA,2022,9,20,38,Tue,Autumn
2022-09-21,36,34,NA,2022,9,21,38,Wed,Autumn
2022-09-22,38,35,NA,2022,9,22,38,Thu,Autumn
2022-09-23,35,34.7142857142857,NA,2022,9,23,38,Fri,Autumn
2022-09-24,21,32.8571428571429,NA,2022,9,24,39,Sat,Autumn
2022-09-25,34,33.8571428571429,NA,2022,9,25,39,Sun,Autumn
2022-09-26,31,34,NA,2022,9,26,39,Mon,Autumn
2022-09-27,30,32.1428571428571,NA,2022,9,27,39,Tue,Autumn
2022-09-28,28,31,NA,2022,9,28,39,Wed,Autumn
2022-09-29,42,31.5714285714286,NA,2022,9,29,39,Thu,Autumn
2022-09-30,34,31.4285714285714,NA,2022,9,30,39,Fri,Autumn
2022-10-01,32,33,NA,2022,10,1,40,Sat,Autumn
2022-10-02,18,30.7142857142857,NA,2022,10,2,40,Sun,Autumn
2022-10-03,48,33.1428571428571,NA,2022,10,3,40,Mon,Autumn
2022-10-04,39,34.4285714285714,NA,2022,10,4,40,Tue,Autumn
2022-10-05,34,35.2857142857143,NA,2022,10,5,40,Wed,Autumn
2022-10-06,24,32.7142857142857,NA,2022,10,6,40,Thu,Autumn
2022-10-07,48,34.7142857142857,NA,2022,10,7,40,Fri,Autumn
2022-10-08,34,35,NA,2022,10,8,41,Sat,Autumn
2022-10-09,24,35.8571428571429,NA,2022,10,9,41,Sun,Autumn
2022-10-10,38,34.4285714285714,NA,2022,10,10,41,Mon,Autumn
2022-10-11,27,32.7142857142857,NA,2022,10,11,41,Tue,Autumn
2022-10-12,35,32.8571428571429,NA,2022,10,12,41,Wed,Autumn
2022-10-13,39,35,NA,2022,10,13,41,Thu,Autumn
2022-10-14,46,34.7142857142857,NA,2022,10,14,41,Fri,Autumn
2022-10-15,25,33.4285714285714,NA,2022,10,15,42,Sat,Autumn
2022-10-16,34,34.8571428571429,NA,2022,10,16,42,Sun,Autumn
2022-10-17,35,34.4285714285714,NA,2022,10,17,42,Mon,Autumn
2022-10-18,24,34,NA,2022,10,18,42,Tue,Autumn
2022-10-19,38,34.4285714285714,NA,2022,10,19,42,Wed,Autumn
2022-10-20,42,34.8571428571429,NA,2022,10,20,42,Thu,Autumn
2022-10-21,28,32.2857142857143,NA,2022,10,21,42,Fri,Autumn
2022-10-22,35,33.7142857142857,NA,2022,10,22,43,Sat,Autumn
2022-10-23,27,32.7142857142857,NA,2022,10,23,43,Sun,Autumn
2022-10-24,40,33.4285714285714,NA,2022,10,24,43,Mon,Autumn
2022-10-25,36,35.1428571428571,NA,2022,10,25,43,Tue,Autumn
2022-10-26,36,34.8571428571429,NA,2022,10,26,43,Wed,Autumn
2022-10-27,31,33.2857142857143,NA,2022,10,27,43,Thu,Autumn
2022-10-28,26,33,NA,2022,10,28,43,Fri,Autumn
2022-10-29,21,31,NA,2022,10,29,44,Sat,Autumn
2022-10-30,32,31.7142857142857,NA,2022,10,30,44,Sun,Autumn
2022-10-31,38,31.4285714285714,NA,2022,10,31,44,Mon,Autumn
2022-11-01,34,31.1428571428571,NA,2022,11,1,44,Tue,Autumn
2022-11-02,33,30.7142857142857,NA,2022,11,2,44,Wed,Autumn
2022-11-03,24,29.7142857142857,NA,2022,11,3,44,Thu,Autumn
2022-11-04,37,31.2857142857143,NA,2022,11,4,44,Fri,Autumn
2022-11-05,26,32,NA,2022,11,5,45,Sat,Autumn
2022-11-06,14,29.4285714285714,NA,2022,11,6,45,Sun,Autumn
2022-11-07,35,29,NA,2022,11,7,45,Mon,Autumn
2022-11-08,23,27.4285714285714,NA,2022,11,8,45,Tue,Autumn
2022-11-09,23,26,NA,2022,11,9,45,Wed,Autumn
2022-11-10,31,27,NA,2022,11,10,45,Thu,Autumn
2022-11-11,33,26.4285714285714,NA,2022,11,11,45,Fri,Autumn
2022-11-12,13,24.5714285714286,NA,2022,11,12,46,Sat,Autumn
2022-11-13,19,25.2857142857143,NA,2022,11,13,46,Sun,Autumn
2022-11-14,22,23.4285714285714,NA,2022,11,14,46,Mon,Autumn
2022-11-15,24,23.5714285714286,NA,2022,11,15,46,Tue,Autumn
2022-11-16,20,23.1428571428571,NA,2022,11,16,46,Wed,Autumn
2022-11-17,25,22.2857142857143,NA,2022,11,17,46,Thu,Autumn
2022-11-18,23,20.8571428571429,NA,2022,11,18,46,Fri,Autumn
2022-11-19,18,21.5714285714286,NA,2022,11,19,47,Sat,Autumn
2022-11-20,19,21.5714285714286,NA,2022,11,20,47,Sun,Autumn
2022-11-21,32,23,NA,2022,11,21,47,Mon,Autumn
2022-11-22,26,23.2857142857143,NA,2022,11,22,47,Tue,Autumn
2022-11-23,31,24.8571428571429,NA,2022,11,23,47,Wed,Autumn
2022-11-24,27,25.1428571428571,NA,2022,11,24,47,Thu,Autumn
2022-11-25,22,25,NA,2022,11,25,47,Fri,Autumn
2022-11-26,26,26.1428571428571,NA,2022,11,26,48,Sat,Autumn
2022-11-27,32,28,NA,2022,11,27,48,Sun,Autumn
2022-11-28,28,27.4285714285714,NA,2022,11,28,48,Mon,Autumn
2022-11-29,26,27.4285714285714,NA,2022,11,29,48,Tue,Autumn
2022-11-30,33,27.7142857142857,NA,2022,11,30,48,Wed,Autumn
2022-12-01,25,27.4285714285714,NA,2022,12,1,48,Thu,Winter
2022-12-02,17,26.7142857142857,NA,2022,12,2,48,Fri,Winter
2022-12-03,22,26.1428571428571,NA,2022,12,3,49,Sat,Winter
2022-12-04,35,26.5714285714286,NA,2022,12,4,49,Sun,Winter
2022-12-05,28,26.5714285714286,NA,2022,12,5,49,Mon,Winter
2022-12-06,35,27.8571428571429,NA,2022,12,6,49,Tue,Winter
2022-12-07,42,29.1428571428571,NA,2022,12,7,49,Wed,Winter
2022-12-08,39,31.1428571428571,NA,2022,12,8,49,Thu,Winter
2022-12-09,38,34.1428571428571,NA,2022,12,9,49,Fri,Winter
2022-12-10,25,34.5714285714286,NA,2022,12,10,50,Sat,Winter
2022-12-11,33,34.2857142857143,NA,2022,12,11,50,Sun,Winter
2022-12-12,39,35.8571428571429,NA,2022,12,12,50,Mon,Winter
2022-12-13,56,38.8571428571429,NA,2022,12,13,50,Tue,Winter
2022-12-14,53,40.4285714285714,NA,2022,12,14,50,Wed,Winter
2022-12-15,39,40.4285714285714,NA,2022,12,15,50,Thu,Winter
2022-12-16,47,41.7142857142857,NA,2022,12,16,50,Fri,Winter
2022-12-17,38,43.5714285714286,NA,2022,12,17,51,Sat,Winter
2022-12-18,36,44,NA,2022,12,18,51,Sun,Winter
2022-12-19,61,47.1428571428571,NA,2022,12,19,51,Mon,Winter
2022-12-20,77,50.1428571428571,NA,2022,12,20,51,Tue,Winter
2022-12-21,57,50.7142857142857,NA,2022,12,21,51,Wed,Winter
2022-12-22,70,55.1428571428571,NA,2022,12,22,51,Thu,Winter
2022-12-23,64,57.5714285714286,NA,2022,12,23,51,Fri,Winter
2022-12-24,55,60,NA,2022,12,24,52,Sat,Winter
2022-12-25,40,60.5714285714286,NA,2022,12,25,52,Sun,Winter
2022-12-26,50,59,NA,2022,12,26,52,Mon,Winter
2022-12-27,80,59.4285714285714,NA,2022,12,27,52,Tue,Winter
2022-12-28,67,60.8571428571429,NA,2022,12,28,52,Wed,Winter
2022-12-29,79,62.1428571428571,NA,2022,12,29,52,Thu,Winter
2022-12-30,55,60.8571428571429,NA,2022,12,30,52,Fri,Winter
2022-12-31,67,62.5714285714286,NA,2022,12,31,53,Sat,Winter
2023-01-01,54,64.5714285714286,NA,2023,1,1,1,Sun,Winter
2023-01-02,57,65.5714285714286,NA,2023,1,2,1,Mon,Winter
2023-01-03,72,64.4285714285714,NA,2023,1,3,1,Tue,Winter
2023-01-04,66,64.2857142857143,NA,2023,1,4,1,Wed,Winter
2023-01-05,65,62.2857142857143,NA,2023,1,5,1,Thu,Winter
2023-01-06,73,64.8571428571429,NA,2023,1,6,1,Fri,Winter
2023-01-07,50,62.4285714285714,NA,2023,1,7,1,Sat,Winter
2023-01-08,41,60.5714285714286,NA,2023,1,8,2,Sun,Winter
2023-01-09,57,60.5714285714286,NA,2023,1,9,2,Mon,Winter
2023-01-10,46,56.8571428571429,NA,2023,1,10,2,Tue,Winter
2023-01-11,51,54.7142857142857,NA,2023,1,11,2,Wed,Winter
2023-01-12,52,52.8571428571429,NA,2023,1,12,2,Thu,Winter
2023-01-13,48,49.2857142857143,NA,2023,1,13,2,Fri,Winter
2023-01-14,25,45.7142857142857,NA,2023,1,14,2,Sat,Winter
2023-01-15,35,44.8571428571429,NA,2023,1,15,3,Sun,Winter
2023-01-16,36,41.8571428571429,NA,2023,1,16,3,Mon,Winter
2023-01-17,43,41.4285714285714,NA,2023,1,17,3,Tue,Winter
2023-01-18,43,40.2857142857143,NA,2023,1,18,3,Wed,Winter
2023-01-19,24,36.2857142857143,NA,2023,1,19,3,Thu,Winter
2023-01-20,31,33.8571428571429,NA,2023,1,20,3,Fri,Winter
2023-01-21,27,34.1428571428571,NA,2023,1,21,3,Sat,Winter
2023-01-22,22,32.2857142857143,NA,2023,1,22,4,Sun,Winter
2023-01-23,37,32.4285714285714,NA,2023,1,23,4,Mon,Winter
2023-01-24,34,31.1428571428571,NA,2023,1,24,4,Tue,Winter
2023-01-25,19,27.7142857142857,NA,2023,1,25,4,Wed,Winter
2023-01-26,36,29.4285714285714,NA,2023,1,26,4,Thu,Winter
2023-01-27,36,30.1428571428571,NA,2023,1,27,4,Fri,Winter
2023-01-28,23,29.5714285714286,NA,2023,1,28,4,Sat,Winter
2023-01-29,26,30.1428571428571,NA,2023,1,29,5,Sun,Winter
2023-01-30,34,29.7142857142857,NA,2023,1,30,5,Mon,Winter
2023-01-31,29,29,NA,2023,1,31,5,Tue,Winter
2023-02-01,33,31,NA,2023,2,1,5,Wed,Winter
2023-02-02,43,32,NA,2023,2,2,5,Thu,Winter
2023-02-03,26,30.5714285714286,NA,2023,2,3,5,Fri,Winter
2023-02-04,15,29.4285714285714,NA,2023,2,4,5,Sat,Winter
2023-02-05,33,30.4285714285714,NA,2023,2,5,6,Sun,Winter
2023-02-06,38,31,NA,2023,2,6,6,Mon,Winter
2023-02-07,34,31.7142857142857,NA,2023,2,7,6,Tue,Winter
2023-02-08,35,32,NA,2023,2,8,6,Wed,Winter
2023-02-09,38,31.2857142857143,NA,2023,2,9,6,Thu,Winter
2023-02-10,19,30.2857142857143,NA,2023,2,10,6,Fri,Winter
2023-02-11,25,31.7142857142857,NA,2023,2,11,6,Sat,Winter
2023-02-12,35,32,NA,2023,2,12,7,Sun,Winter
2023-02-13,44,32.8571428571429,NA,2023,2,13,7,Mon,Winter
2023-02-14,31,32.4285714285714,NA,2023,2,14,7,Tue,Winter
2023-02-15,32,32,NA,2023,2,15,7,Wed,Winter
2023-02-16,42,32.5714285714286,NA,2023,2,16,7,Thu,Winter
2023-02-17,32,34.4285714285714,NA,2023,2,17,7,Fri,Winter
2023-02-18,33,35.5714285714286,NA,2023,2,18,7,Sat,Winter
2023-02-19,24,34,NA,2023,2,19,8,Sun,Winter
2023-02-20,34,32.5714285714286,NA,2023,2,20,8,Mon,Winter
2023-02-21,41,34,NA,2023,2,21,8,Tue,Winter
2023-02-22,47,36.1428571428571,NA,2023,2,22,8,Wed,Winter
2023-02-23,34,35,NA,2023,2,23,8,Thu,Winter
2023-02-24,45,36.8571428571429,NA,2023,2,24,8,Fri,Winter
2023-02-25,29,36.2857142857143,NA,2023,2,25,8,Sat,Winter
2023-02-26,21,35.8571428571429,NA,2023,2,26,9,Sun,Winter
2023-02-27,34,35.8571428571429,NA,2023,2,27,9,Mon,Winter
2023-02-28,51,37.2857142857143,NA,2023,2,28,9,Tue,Winter
2023-03-01,34,35.4285714285714,NA,2023,3,1,9,Wed,Spring
2023-03-02,38,36,NA,2023,3,2,9,Thu,Spring
2023-03-03,32,34.1428571428571,NA,2023,3,3,9,Fri,Spring
2023-03-04,36,35.1428571428571,NA,2023,3,4,9,Sat,Spring
2023-03-05,46,38.7142857142857,NA,2023,3,5,10,Sun,Spring
2023-03-06,58,42.1428571428571,NA,2023,3,6,10,Mon,Spring
2023-03-07,51,42.1428571428571,NA,2023,3,7,10,Tue,Spring
2023-03-08,62,46.1428571428571,NA,2023,3,8,10,Wed,Spring
2023-03-09,62,49.5714285714286,NA,2023,3,9,10,Thu,Spring
2023-03-10,62,53.8571428571429,NA,2023,3,10,10,Fri,Spring
2023-03-11,42,54.7142857142857,NA,2023,3,11,10,Sat,Spring
2023-03-12,39,53.7142857142857,NA,2023,3,12,11,Sun,Spring
2023-03-13,75,56.1428571428571,NA,2023,3,13,11,Mon,Spring
2023-03-14,54,56.5714285714286,NA,2023,3,14,11,Tue,Spring
2023-03-15,73,58.1428571428571,NA,2023,3,15,11,Wed,Spring
2023-03-16,82,61,NA,2023,3,16,11,Thu,Spring
2023-03-17,58,60.4285714285714,NA,2023,3,17,11,Fri,Spring
2023-03-18,64,63.5714285714286,NA,2023,3,18,11,Sat,Spring
2023-03-19,62,66.8571428571429,NA,2023,3,19,12,Sun,Spring
2023-03-20,78,67.2857142857143,NA,2023,3,20,12,Mon,Spring
2023-03-21,58,67.8571428571429,NA,2023,3,21,12,Tue,Spring
2023-03-22,69,67.2857142857143,NA,2023,3,22,12,Wed,Spring
2023-03-23,75,66.2857142857143,NA,2023,3,23,12,Thu,Spring
2023-03-24,82,69.7142857142857,NA,2023,3,24,12,Fri,Spring
2023-03-25,48,67.4285714285714,NA,2023,3,25,12,Sat,Spring
2023-03-26,43,64.7142857142857,NA,2023,3,26,13,Sun,Spring
2023-03-27,62,62.4285714285714,NA,2023,3,27,13,Mon,Spring
2023-03-28,53,61.7142857142857,NA,2023,3,28,13,Tue,Spring
2023-03-29,75,62.5714285714286,NA,2023,3,29,13,Wed,Spring
2023-03-30,54,59.5714285714286,NA,2023,3,30,13,Thu,Spring
2023-03-31,61,56.5714285714286,NA,2023,3,31,13,Fri,Spring
2023-04-01,50,56.8571428571429,NA,2023,4,1,13,Sat,Spring
2023-04-02,44,57,NA,2023,4,2,14,Sun,Spring
2023-04-03,45,54.5714285714286,NA,2023,4,3,14,Mon,Spring
2023-04-04,64,56.1428571428571,NA,2023,4,4,14,Tue,Spring
2023-04-05,50,52.5714285714286,NA,2023,4,5,14,Wed,Spring
2023-04-06,71,55,NA,2023,4,6,14,Thu,Spring
2023-04-07,60,54.8571428571429,NA,2023,4,7,14,Fri,Spring
2023-04-08,52,55.1428571428571,NA,2023,4,8,14,Sat,Spring
2023-04-09,52,56.2857142857143,NA,2023,4,9,15,Sun,Spring
2023-04-10,55,57.7142857142857,NA,2023,4,10,15,Mon,Spring
2023-04-11,55,56.4285714285714,NA,2023,4,11,15,Tue,Spring
2023-04-12,54,57,NA,2023,4,12,15,Wed,Spring
2023-04-13,57,55,NA,2023,4,13,15,Thu,Spring
2023-04-14,52,53.8571428571429,NA,2023,4,14,15,Fri,Spring
2023-04-15,37,51.7142857142857,NA,2023,4,15,15,Sat,Spring
2023-04-16,42,50.2857142857143,NA,2023,4,16,16,Sun,Spring
2023-04-17,56,50.4285714285714,NA,2023,4,17,16,Mon,Spring
2023-04-18,41,48.4285714285714,NA,2023,4,18,16,Tue,Spring
2023-04-19,41,46.5714285714286,NA,2023,4,19,16,Wed,Spring
2023-04-20,49,45.4285714285714,NA,2023,4,20,16,Thu,Spring
2023-04-21,29,42.1428571428571,NA,2023,4,21,16,Fri,Spring
2023-04-22,40,42.5714285714286,NA,2023,4,22,16,Sat,Spring
2023-04-23,33,41.2857142857143,NA,2023,4,23,17,Sun,Spring
2023-04-24,51,40.5714285714286,NA,2023,4,24,17,Mon,Spring
2023-04-25,34,39.5714285714286,NA,2023,4,25,17,Tue,Spring
2023-04-26,24,37.1428571428571,NA,2023,4,26,17,Wed,Spring
2023-04-27,22,33.2857142857143,NA,2023,4,27,17,Thu,Spring
2023-04-28,39,34.7142857142857,NA,2023,4,28,17,Fri,Spring
2023-04-29,27,32.8571428571429,NA,2023,4,29,17,Sat,Spring
2023-04-30,31,32.5714285714286,NA,2023,4,30,18,Sun,Spring
2023-05-01,40,31,NA,2023,5,1,18,Mon,Spring
2023-05-02,23,29.4285714285714,NA,2023,5,2,18,Tue,Spring
2023-05-03,22,29.1428571428571,NA,2023,5,3,18,Wed,Spring
2023-05-04,33,30.7142857142857,NA,2023,5,4,18,Thu,Spring
2023-05-05,30,29.4285714285714,NA,2023,5,5,18,Fri,Spring
2023-05-06,25,29.1428571428571,NA,2023,5,6,18,Sat,Spring
2023-05-07,23,28,NA,2023,5,7,19,Sun,Spring
2023-05-08,21,25.2857142857143,NA,2023,5,8,19,Mon,Spring
2023-05-09,22,25.1428571428571,NA,2023,5,9,19,Tue,Spring
2023-05-10,18,24.5714285714286,NA,2023,5,10,19,Wed,Spring
2023-05-11,24,23.2857142857143,NA,2023,5,11,19,Thu,Spring
2023-05-12,19,21.7142857142857,NA,2023,5,12,19,Fri,Spring
2023-05-13,22,21.2857142857143,NA,2023,5,13,19,Sat,Spring
2023-05-14,24,21.4285714285714,NA,2023,5,14,20,Sun,Spring
2023-05-15,21,21.4285714285714,NA,2023,5,15,20,Mon,Spring
2023-05-16,16,20.5714285714286,NA,2023,5,16,20,Tue,Spring
2023-05-17,21,21,NA,2023,5,17,20,Wed,Spring
2023-05-18,14,19.5714285714286,NA,2023,5,18,20,Thu,Spring
2023-05-19,18,19.4285714285714,NA,2023,5,19,20,Fri,Spring
2023-05-20,14,18.2857142857143,NA,2023,5,20,20,Sat,Spring
2023-05-21,13,16.7142857142857,NA,2023,5,21,21,Sun,Spring
2023-05-22,15,15.8571428571429,NA,2023,5,22,21,Mon,Spring
2023-05-23,33,18.2857142857143,NA,2023,5,23,21,Tue,Spring
2023-05-24,19,18,NA,2023,5,24,21,Wed,Spring
2023-05-25,13,17.8571428571429,NA,2023,5,25,21,Thu,Spring
2023-05-26,16,17.5714285714286,NA,2023,5,26,21,Fri,Spring
2023-05-27,12,17.2857142857143,NA,2023,5,27,21,Sat,Spring
2023-05-28,18,18,NA,2023,5,28,22,Sun,Spring
2023-05-29,17,18.2857142857143,NA,2023,5,29,22,Mon,Spring
2023-05-30,10,15,NA,2023,5,30,22,Tue,Spring
2023-05-31,15,14.4285714285714,NA,2023,5,31,22,Wed,Spring
2023-06-01,7,13.5714285714286,NA,2023,6,1,22,Thu,Summer
2023-06-02,16,13.5714285714286,NA,2023,6,2,22,Fri,Summer
2023-06-03,22,15,NA,2023,6,3,22,Sat,Summer
2023-06-04,12,14.1428571428571,NA,2023,6,4,23,Sun,Summer
2023-06-05,21,14.7142857142857,NA,2023,6,5,23,Mon,Summer
2023-06-06,22,16.4285714285714,NA,2023,6,6,23,Tue,Summer
2023-06-07,15,16.4285714285714,NA,2023,6,7,23,Wed,Summer
2023-06-08,13,17.2857142857143,NA,2023,6,8,23,Thu,Summer
2023-06-09,17,17.4285714285714,NA,2023,6,9,23,Fri,Summer
2023-06-10,16,16.5714285714286,NA,2023,6,10,23,Sat,Summer
2023-06-11,12,16.5714285714286,NA,2023,6,11,24,Sun,Summer
2023-06-12,10,15,NA,2023,6,12,24,Mon,Summer
2023-06-13,19,14.5714285714286,NA,2023,6,13,24,Tue,Summer
2023-06-14,14,14.4285714285714,NA,2023,6,14,24,Wed,Summer
2023-06-15,15,14.7142857142857,NA,2023,6,15,24,Thu,Summer
2023-06-16,11,13.8571428571429,NA,2023,6,16,24,Fri,Summer
2023-06-17,14,13.5714285714286,NA,2023,6,17,24,Sat,Summer
2023-06-18,10,13.2857142857143,NA,2023,6,18,25,Sun,Summer
2023-06-19,10,13.2857142857143,NA,2023,6,19,25,Mon,Summer
2023-06-20,8,11.7142857142857,NA,2023,6,20,25,Tue,Summer
2023-06-21,11,11.2857142857143,NA,2023,6,21,25,Wed,Summer
2023-06-22,12,10.8571428571429,NA,2023,6,22,25,Thu,Summer
2023-06-23,9,10.5714285714286,NA,2023,6,23,25,Fri,Summer
2023-06-24,6,9.42857142857143,NA,2023,6,24,25,Sat,Summer
2023-06-25,5,8.71428571428571,NA,2023,6,25,26,Sun,Summer
2023-06-26,9,8.57142857142857,NA,2023,6,26,26,Mon,Summer
2023-06-27,9,8.71428571428571,NA,2023,6,27,26,Tue,Summer
2023-06-28,10,8.57142857142857,NA,2023,6,28,26,Wed,Summer
2023-06-29,12,8.57142857142857,NA,2023,6,29,26,Thu,Summer
2023-06-30,7,8.28571428571429,NA,2023,6,30,26,Fri,Summer
2023-07-01,5,8.14285714285714,NA,2023,7,1,26,Sat,Summer
2023-07-02,7,8.42857142857143,NA,2023,7,2,27,Sun,Summer
2023-07-03,4,7.71428571428571,NA,2023,7,3,27,Mon,Summer
2023-07-04,9,7.71428571428571,NA,2023,7,4,27,Tue,Summer
2023-07-05,11,7.85714285714286,NA,2023,7,5,27,Wed,Summer
2023-07-06,13,8,NA,2023,7,6,27,Thu,Summer
2023-07-07,11,8.57142857142857,NA,2023,7,7,27,Fri,Summer
2023-07-08,2,8.14285714285714,NA,2023,7,8,27,Sat,Summer
2023-07-09,6,8,NA,2023,7,9,28,Sun,Summer
2023-07-10,14,9.42857142857143,NA,2023,7,10,28,Mon,Summer
2023-07-11,16,10.4285714285714,NA,2023,7,11,28,Tue,Summer
2023-07-12,6,9.71428571428571,NA,2023,7,12,28,Wed,Summer
2023-07-13,13,9.71428571428571,NA,2023,7,13,28,Thu,Summer
2023-07-14,13,10,NA,2023,7,14,28,Fri,Summer
2023-07-15,13,11.5714285714286,NA,2023,7,15,28,Sat,Summer
2023-07-16,10,12.1428571428571,NA,2023,7,16,29,Sun,Summer
2023-07-17,11,11.7142857142857,NA,2023,7,17,29,Mon,Summer
2023-07-18,11,11,NA,2023,7,18,29,Tue,Summer
2023-07-19,14,12.1428571428571,NA,2023,7,19,29,Wed,Summer
2023-07-20,12,12,NA,2023,7,20,29,Thu,Summer
2023-07-21,14,12.1428571428571,NA,2023,7,21,29,Fri,Summer
2023-07-22,6,11.1428571428571,NA,2023,7,22,29,Sat,Summer
2023-07-23,16,12,NA,2023,7,23,30,Sun,Summer
2023-07-24,12,12.1428571428571,NA,2023,7,24,30,Mon,Summer
2023-07-25,21,13.5714285714286,NA,2023,7,25,30,Tue,Summer
2023-07-26,18,14.1428571428571,NA,2023,7,26,30,Wed,Summer
2023-07-27,15,14.5714285714286,NA,2023,7,27,30,Thu,Summer
2023-07-28,23,15.8571428571429,NA,2023,7,28,30,Fri,Summer
2023-07-29,20,17.8571428571429,NA,2023,7,29,30,Sat,Summer
2023-07-30,13,17.4285714285714,NA,2023,7,30,31,Sun,Summer
2023-07-31,15,17.8571428571429,NA,2023,7,31,31,Mon,Summer
2023-08-01,21,17.8571428571429,NA,2023,8,1,31,Tue,Summer
2023-08-02,14,17.2857142857143,NA,2023,8,2,31,Wed,Summer
2023-08-03,22,18.2857142857143,NA,2023,8,3,31,Thu,Summer
2023-08-04,23,18.2857142857143,NA,2023,8,4,31,Fri,Summer
2023-08-05,23,18.7142857142857,NA,2023,8,5,31,Sat,Summer
2023-08-06,23,20.1428571428571,NA,2023,8,6,32,Sun,Summer
2023-08-07,22,21.1428571428571,NA,2023,8,7,32,Mon,Summer
2023-08-08,28,22.1428571428571,NA,2023,8,8,32,Tue,Summer
2023-08-09,26,23.8571428571429,NA,2023,8,9,32,Wed,Summer
2023-08-10,42,26.7142857142857,NA,2023,8,10,32,Thu,Summer
2023-08-11,23,26.7142857142857,NA,2023,8,11,32,Fri,Summer
2023-08-12,30,27.7142857142857,NA,2023,8,12,32,Sat,Summer
2023-08-13,26,28.1428571428571,NA,2023,8,13,33,Sun,Summer
2023-08-14,35,30,NA,2023,8,14,33,Mon,Summer
2023-08-15,37,31.2857142857143,NA,2023,8,15,33,Tue,Summer
2023-08-16,26,31.2857142857143,NA,2023,8,16,33,Wed,Summer
2023-08-17,37,30.5714285714286,NA,2023,8,17,33,Thu,Summer
2023-08-18,31,31.7142857142857,NA,2023,8,18,33,Fri,Summer
2023-08-19,30,31.7142857142857,NA,2023,8,19,33,Sat,Summer
2023-08-20,25,31.5714285714286,NA,2023,8,20,34,Sun,Summer
2023-08-21,41,32.4285714285714,NA,2023,8,21,34,Mon,Summer
2023-08-22,32,31.7142857142857,NA,2023,8,22,34,Tue,Summer
2023-08-23,30,32.2857142857143,NA,2023,8,23,34,Wed,Summer
2023-08-24,37,32.2857142857143,NA,2023,8,24,34,Thu,Summer
2023-08-25,38,33.2857142857143,NA,2023,8,25,34,Fri,Summer
2023-08-26,41,34.8571428571429,NA,2023,8,26,34,Sat,Summer
2023-08-27,30,35.5714285714286,NA,2023,8,27,35,Sun,Summer
2023-08-28,43,35.8571428571429,NA,2023,8,28,35,Mon,Summer
2023-08-29,48,38.1428571428571,NA,2023,8,29,35,Tue,Summer
2023-08-30,40,39.5714285714286,NA,2023,8,30,35,Wed,Summer
2023-08-31,40,40,NA,2023,8,31,35,Thu,Summer
2023-09-01,47,41.2857142857143,NA,2023,9,1,35,Fri,Autumn
2023-09-02,35,40.4285714285714,NA,2023,9,2,35,Sat,Autumn
2023-09-03,27,40,NA,2023,9,3,36,Sun,Autumn
2023-09-04,40,39.5714285714286,NA,2023,9,4,36,Mon,Autumn
2023-09-05,43,38.8571428571429,NA,2023,9,5,36,Tue,Autumn
2023-09-06,45,39.5714285714286,NA,2023,9,6,36,Wed,Autumn
2023-09-07,37,39.1428571428571,NA,2023,9,7,36,Thu,Autumn
2023-09-08,38,37.8571428571429,NA,2023,9,8,36,Fri,Autumn
2023-09-09,37,38.1428571428571,NA,2023,9,9,36,Sat,Autumn
2023-09-10,23,37.5714285714286,NA,2023,9,10,37,Sun,Autumn
2023-09-11,44,38.1428571428571,NA,2023,9,11,37,Mon,Autumn
2023-09-12,38,37.4285714285714,NA,2023,9,12,37,Tue,Autumn
2023-09-13,27,34.8571428571429,NA,2023,9,13,37,Wed,Autumn
2023-09-14,37,34.8571428571429,NA,2023,9,14,37,Thu,Autumn
2023-09-15,34,34.2857142857143,NA,2023,9,15,37,Fri,Autumn
2023-09-16,22,32.1428571428571,NA,2023,9,16,37,Sat,Autumn
2023-09-17,27,32.7142857142857,NA,2023,9,17,38,Sun,Autumn
2023-09-18,31,30.8571428571429,NA,2023,9,18,38,Mon,Autumn
2023-09-19,38,30.8571428571429,NA,2023,9,19,38,Tue,Autumn
2023-09-20,30,31.2857142857143,NA,2023,9,20,38,Wed,Autumn
2023-09-21,35,31,NA,2023,9,21,38,Thu,Autumn
2023-09-22,40,31.8571428571429,NA,2023,9,22,38,Fri,Autumn
2023-09-23,29,32.8571428571429,NA,2023,9,23,38,Sat,Autumn
2023-09-24,19,31.7142857142857,NA,2023,9,24,39,Sun,Autumn
