Date,NumberAdmitted,SevenDayAverage,SevenDayAverageQF
20200301,1,,z
20200303,1,,z
20200304,1,,z
20200305,3,,z
20200306,4,,z
20200307,2,,z
20200308,1,1.85714285714286,
20200309,6,2.57142857142857,
20200310,9,3.71428571428571,
20200311,14,5.57142857142857,
20200312,7,6.14285714285714,
20200313,4,6.14285714285714,
20200314,9,7.14285714285714,
20200315,8,8.14285714285714,
20200316,10,8.71428571428571,
20200317,22,10.5714285714286,
20200318,18,11.1428571428571,
20200319,26,13.8571428571429,
20200320,47,20,
20200321,49,25.7142857142857,
20200322,37,29.8571428571429,
20200323,71,38.5714285714286,
20200324,72,45.7142857142857,
20200325,92,56.2857142857143,
20200326,108,68,
20200327,118,78.1428571428571,
20200328,140,91.1428571428571,
20200329,117,102.571428571429,
20200330,153,114.285714285714,
20200331,146,124.857142857143,
20200401,187,138.428571428571,
20200402,141,143.142857142857,
20200403,179,151.857142857143,
20200404,130,150.428571428571,
20200405,133,152.714285714286,
20200406,168,154.857142857143,
20200407,142,154.285714285714,
20200408,120,144.714285714286,
20200409,109,140.142857142857,
20200410,96,128.285714285714,
20200411,64,118.857142857143,
20200412,66,109.285714285714,
20200413,84,97.2857142857143,
20200414,83,88.8571428571429,
20200415,76,82.5714285714286,
20200416,77,78,
20200417,80,75.7142857142857,
20200418,60,75.1428571428571,
20200419,47,72.4285714285714,
20200420,55,68.2857142857143,
20200421,55,64.2857142857143,
20200422,50,60.5714285714286,
20200423,51,56.8571428571429,
20200424,68,55.1428571428571,
20200425,30,50.8571428571429,
20200426,30,48.4285714285714,
20200427,57,48.7142857142857,
20200428,51,48.1428571428571,
20200429,35,46,
20200430,35,43.7142857142857,
20200501,38,39.4285714285714,
20200502,34,40,
20200503,32,40.2857142857143,
20200504,39,37.7142857142857,
20200505,29,34.5714285714286,
20200506,36,34.7142857142857,
20200507,26,33.4285714285714,
20200508,25,31.5714285714286,
20200509,15,28.8571428571429,
20200510,24,27.7142857142857,
20200511,27,26,
20200512,27,25.7142857142857,
20200513,20,23.4285714285714,
20200514,20,22.5714285714286,
20200515,23,22.2857142857143,
20200516,14,22.1428571428571,
20200517,8,19.8571428571429,
20200518,22,19.1428571428571,
20200519,6,16.1428571428571,
20200520,12,15,
20200521,10,13.5714285714286,
20200522,13,12.1428571428571,
20200523,11,11.7142857142857,
20200524,6,11.4285714285714,
20200525,8,9.42857142857143,
20200526,8,9.71428571428571,
20200527,7,9,
20200528,4,8.14285714285714,
20200529,9,7.57142857142857,
20200530,2,6.28571428571429,
20200531,8,6.57142857142857,
20200601,3,5.85714285714286,
20200602,2,5,
20200603,4,4.57142857142857,
20200604,4,4.57142857142857,
20200605,8,4.42857142857143,
20200606,4,4.71428571428571,
20200607,4,4.14285714285714,
20200608,3,4.14285714285714,
20200609,4,4.42857142857143,
20200610,4,4.42857142857143,
20200611,4,4.42857142857143,
20200613,3,3.71428571428571,
20200614,4,3.71428571428571,
20200615,4,3.71428571428571,
20200616,4,3.85714285714286,
20200617,3,3.71428571428571,
20200619,3,3.57142857142857,
20200620,1,3.14285714285714,
20200622,4,3.28571428571429,
20200623,2,3,
20200624,1,2.57142857142857,
20200625,2,2.28571428571429,
20200627,1,2,
20200628,1,1.71428571428571,
20200629,1,1.71428571428571,
20200701,2,1.42857142857143,
20200703,1,1.28571428571429,
20200705,1,1.28571428571429,
20200706,2,1.28571428571429,
20200710,2,1.42857142857143,
20200711,2,1.57142857142857,
20200714,1,1.57142857142857,
20200716,1,1.42857142857143,
20200719,2,1.57142857142857,
20200725,3,1.85714285714286,
20200729,2,1.85714285714286,
20200801,1,1.71428571428571,
20200804,1,1.57142857142857,
20200805,1,1.57142857142857,
20200807,1,1.57142857142857,
20200810,3,1.71428571428571,
20200811,1,1.42857142857143,
20200813,1,1.28571428571429,
20200814,2,1.42857142857143,
20200815,3,1.71428571428571,
20200816,1,1.71428571428571,
20200817,2,1.85714285714286,
20200818,1,1.57142857142857,
20200819,2,1.71428571428571,
20200820,3,2,
20200821,2,2,
20200822,2,1.85714285714286,
20200824,2,2,
20200825,4,2.28571428571429,
20200826,3,2.57142857142857,
20200827,2,2.57142857142857,
20200828,3,2.57142857142857,
20200829,2,2.57142857142857,
20200830,2,2.57142857142857,
20200831,2,2.57142857142857,
20200901,1,2.14285714285714,
20200902,3,2.14285714285714,
20200903,1,2,
20200904,8,2.71428571428571,
20200905,3,2.85714285714286,
20200906,1,2.71428571428571,
20200907,7,3.42857142857143,
20200908,5,4,
20200909,3,4,
20200910,7,4.85714285714286,
20200911,6,4.57142857142857,
20200912,5,4.85714285714286,
20200913,4,5.28571428571429,
20200914,9,5.57142857142857,
20200915,6,5.71428571428571,
20200916,15,7.42857142857143,
20200917,8,7.57142857142857,
20200918,6,7.57142857142857,
20200919,8,8,
20200920,10,8.85714285714286,
20200921,9,8.85714285714286,
20200922,22,11.1428571428571,
20200923,13,10.8571428571429,
20200924,20,12.5714285714286,
20200925,17,14.1428571428571,
20200926,12,14.7142857142857,
20200927,20,16.1428571428571,
20200928,26,18.5714285714286,
20200929,17,17.8571428571429,
20200930,23,19.2857142857143,
20201001,31,20.8571428571429,
20201002,35,23.4285714285714,
20201003,28,25.7142857142857,
20201004,29,27,
20201005,46,29.8571428571429,
20201006,58,35.7142857142857,
20201007,50,39.5714285714286,
20201008,56,43.1428571428571,
20201009,42,44.1428571428571,
20201010,45,46.5714285714286,
20201011,54,50.1428571428571,
20201012,71,53.7142857142857,
20201013,84,57.4285714285714,
20201014,70,60.2857142857143,
20201015,75,63,
20201016,97,70.8571428571429,
20201017,68,74.1428571428571,
20201018,62,75.2857142857143,
20201019,94,78.5714285714286,
20201020,105,81.5714285714286,
20201021,92,84.7142857142857,
20201022,96,87.7142857142857,
20201023,93,87.1428571428571,
20201024,75,88.1428571428571,
20201025,89,92,
20201026,96,92.2857142857143,
20201027,96,91,
20201028,95,91.4285714285714,
20201029,68,87.4285714285714,
20201030,100,88.4285714285714,
20201031,77,88.7142857142857,
20201101,79,87.2857142857143,
20201102,69,83.4285714285714,
20201103,83,81.5714285714286,
20201104,75,78.7142857142857,
20201105,66,78.4285714285714,
20201106,63,73.1428571428571,
20201107,55,70,
20201108,63,67.7142857142857,
20201109,67,67.4285714285714,
20201110,61,64.2857142857143,
20201111,70,63.5714285714286,
20201112,72,64.4285714285714,
20201113,71,65.5714285714286,
20201114,72,68,
20201115,65,68.2857142857143,
20201116,65,68,
20201117,72,69.5714285714286,
20201118,63,68.5714285714286,
20201119,69,68.1428571428571,
20201120,74,68.5714285714286,
20201121,61,67,
20201122,48,64.5714285714286,
20201123,74,65.8571428571429,
20201124,71,65.7142857142857,
20201125,58,65,
20201126,46,61.7142857142857,
20201127,49,58.1428571428571,
20201128,37,54.7142857142857,
20201129,42,53.8571428571429,
20201130,52,50.7142857142857,
20201201,39,46.1428571428571,
20201202,61,46.5714285714286,
20201203,42,46,
20201204,52,46.4285714285714,
20201205,41,47,
20201206,40,46.7142857142857,
20201207,55,47.1428571428571,
20201208,53,49.1428571428571,
20201209,42,46.4285714285714,
20201210,49,47.4285714285714,
20201211,60,48.5714285714286,
20201212,41,48.5714285714286,
20201213,43,49,
20201214,69,51,
20201215,47,50.1428571428571,
20201216,63,53.1428571428571,
20201217,61,54.8571428571429,
20201218,54,54,
20201219,52,55.5714285714286,
20201220,48,56.2857142857143,
20201221,67,56,
20201222,53,56.8571428571429,
20201223,59,56.2857142857143,
20201224,45,54,
20201225,45,52.7142857142857,
20201226,64,54.4285714285714,
20201227,85,59.7142857142857,
20201228,95,63.7142857142857,
20201229,109,71.7142857142857,
20201230,111,79.1428571428571,
20201231,115,89.1428571428571,
20210101,91,95.7142857142857,
20210102,101,101,
20210103,98,102.857142857143,
20210104,129,107.714285714286,
20210105,129,110.571428571429,
20210106,142,115,
20210107,144,119.142857142857,
20210108,140,126.142857142857,
20210109,134,130.857142857143,
20210110,132,135.714285714286,
20210111,179,142.857142857143,
20210112,156,146.714285714286,
20210113,130,145,
20210114,135,143.714285714286,
20210115,153,145.571428571429,
20210116,124,144.142857142857,
20210117,116,141.857142857143,
20210118,123,133.857142857143,
20210119,149,132.857142857143,
20210120,133,133.285714285714,
20210121,141,134.142857142857,
20210122,119,129.285714285714,
20210123,111,127.428571428571,
20210124,81,122.428571428571,
20210125,116,121.428571428571,
20210126,118,117,
20210127,113,114.142857142857,
20210128,101,108.428571428571,
20210129,110,107.142857142857,
20210130,78,102.428571428571,
20210131,77,101.857142857143,
20210201,99,99.4285714285714,
20210202,83,94.4285714285714,
20210203,74,88.8571428571429,
20210204,85,86.5714285714286,
20210205,82,82.5714285714286,
20210206,68,81.1428571428571,
20210207,72,80.4285714285714,
20210208,56,74.2857142857143,
20210209,78,73.5714285714286,
20210210,65,72.2857142857143,
20210211,81,71.7142857142857,
20210212,68,69.7142857142857,
20210213,58,68.2857142857143,
20210214,59,66.4285714285714,
20210215,55,66.2857142857143,
20210216,84,67.1428571428571,
20210217,53,65.4285714285714,
20210218,56,61.8571428571429,
20210219,72,62.4285714285714,
20210220,64,63.2857142857143,
20210221,53,62.4285714285714,
20210222,61,63.2857142857143,
20210223,53,58.8571428571429,
20210224,46,57.8571428571429,
20210225,45,56.2857142857143,
20210226,51,53.2857142857143,
20210227,43,50.2857142857143,
20210228,41,48.5714285714286,
20210301,55,47.7142857142857,
20210302,51,47.4285714285714,
20210303,33,45.5714285714286,
20210304,33,43.8571428571429,
20210305,32,41.1428571428571,
20210306,24,38.4285714285714,
20210307,18,35.1428571428571,
20210308,28,31.2857142857143,
20210309,33,28.7142857142857,
20210310,28,28,
20210311,24,26.7142857142857,
20210312,27,26,
20210313,23,25.8571428571429,
20210314,23,26.5714285714286,
20210315,33,27.2857142857143,
20210316,19,25.2857142857143,
20210317,24,24.7142857142857,
20210318,27,25.1428571428571,
20210319,18,23.8571428571429,
20210320,17,23,
20210321,22,22.8571428571429,
20210322,20,21,
20210323,24,21.7142857142857,
20210324,22,21.4285714285714,
20210325,27,21.4285714285714,
20210326,19,21.5714285714286,
20210327,14,21.1428571428571,
20210328,22,21.1428571428571,
20210329,19,21,
20210330,13,19.4285714285714,
20210331,18,18.8571428571429,
20210401,18,17.5714285714286,
20210402,24,18.2857142857143,
20210403,15,18.4285714285714,
20210404,12,17,
20210405,23,17.5714285714286,
20210406,15,17.8571428571429,
20210407,16,17.5714285714286,
20210408,16,17.2857142857143,
20210409,16,16.1428571428571,
20210410,11,15.5714285714286,
20210411,9,15.1428571428571,
20210412,7,12.8571428571429,
20210413,8,11.8571428571429,
20210414,13,11.4285714285714,
20210415,12,10.8571428571429,
20210416,10,10,
20210417,8,9.57142857142857,
20210418,9,9.57142857142857,
20210419,10,10,
20210420,9,10.1428571428571,
20210421,8,9.42857142857143,
20210422,10,9.14285714285714,
20210423,13,9.57142857142857,
20210424,6,9.28571428571429,
20210425,7,9,
20210426,8,8.71428571428571,
20210427,8,8.57142857142857,
20210428,3,7.85714285714286,
20210429,8,7.57142857142857,
20210430,11,7.28571428571429,
20210501,8,7.57142857142857,
20210502,7,7.57142857142857,
20210503,6,7.28571428571429,
20210504,6,7,
20210505,6,7.42857142857143,
20210506,14,8.28571428571429,
20210507,7,7.71428571428571,
20210508,11,8.14285714285714,
20210509,8,8.28571428571429,
20210510,5,8.14285714285714,
20210511,10,8.71428571428571,
20210512,10,9.28571428571429,
20210513,7,8.28571428571429,
20210514,8,8.42857142857143,
20210515,6,7.71428571428571,
20210516,11,8.14285714285714,
20210517,11,9,
20210518,15,9.71428571428571,
20210519,16,10.5714285714286,
20210520,16,11.8571428571429,
20210521,21,13.7142857142857,
20210522,16,15.1428571428571,
20210523,12,15.2857142857143,
20210524,16,16,
20210525,15,16,
20210526,9,15,
20210527,11,14.2857142857143,
20210528,19,14,
20210529,20,14.5714285714286,
20210530,16,15.1428571428571,
20210531,16,15.1428571428571,
20210601,28,17,
20210602,15,17.8571428571429,
20210603,24,19.7142857142857,
20210604,18,19.5714285714286,
20210605,18,19.2857142857143,
20210606,25,20.5714285714286,
20210607,23,21.5714285714286,
20210608,19,20.2857142857143,
20210609,17,20.5714285714286,
20210610,26,20.8571428571429,
20210611,19,21,
20210612,25,22,
20210613,21,21.4285714285714,
20210614,29,22.2857142857143,
20210615,23,22.8571428571429,
20210616,33,25.1428571428571,
20210617,18,24,
20210618,38,26.7142857142857,
20210619,23,26.4285714285714,
20210620,22,26.5714285714286,
20210621,26,26.1428571428571,
20210622,33,27.5714285714286,
20210623,41,28.7142857142857,
20210624,35,31.1428571428571,
20210625,32,30.2857142857143,
20210626,29,31.1428571428571,
20210627,27,31.8571428571429,
20210628,48,35,
20210629,53,37.8571428571429,
20210630,50,39.1428571428571,
20210701,50,41.2857142857143,
20210702,57,44.8571428571429,
20210703,46,47.2857142857143,
20210704,62,52.2857142857143,
20210705,67,55,
20210706,85,59.5714285714286,
20210707,86,64.7142857142857,
20210708,81,69.1428571428571,
20210709,71,71.1428571428571,
20210710,65,73.8571428571429,
20210711,53,72.5714285714286,
20210712,83,74.8571428571429,
20210713,85,74.8571428571429,
20210714,63,71.5714285714286,
20210715,66,69.4285714285714,
20210716,56,67.2857142857143,
20210717,43,64.1428571428571,
20210718,52,64,
20210719,59,60.5714285714286,
20210720,50,55.5714285714286,
20210721,67,56.1428571428571,
20210722,51,54,
20210723,51,53.2857142857143,
20210724,36,52.2857142857143,
20210725,37,50.1428571428571,
20210726,45,48.1428571428571,
20210727,49,48,
20210728,56,46.4285714285714,
20210729,33,43.8571428571429,
20210730,36,41.7142857142857,
20210731,27,40.4285714285714,
20210801,31,39.5714285714286,
20210802,43,39.2857142857143,
20210803,35,37.2857142857143,
20210804,33,34,
20210805,42,35.2857142857143,
20210806,40,35.8571428571429,
20210807,28,36,
20210808,27,35.4285714285714,
20210809,28,33.2857142857143,
20210810,52,35.7142857142857,
20210811,29,35.1428571428571,
20210812,29,33.2857142857143,
20210813,29,31.7142857142857,
20210814,28,31.7142857142857,
20210815,24,31.2857142857143,
20210816,18,29.8571428571429,
20210817,40,28.1428571428571,
20210818,41,29.8571428571429,
20210819,38,31.1428571428571,
20210820,51,34.2857142857143,
20210821,37,35.5714285714286,
20210822,40,37.8571428571429,
20210823,50,42.4285714285714,
20210824,62,45.5714285714286,
20210825,82,51.4285714285714,
20210826,78,57.1428571428571,
20210827,84,61.8571428571429,
20210828,78,67.7142857142857,
20210829,76,72.8571428571429,
20210830,84,77.7142857142857,
20210831,104,83.7142857142857,
20210901,121,89.2857142857143,
20210902,96,91.8571428571429,
20210903,120,97,
20210904,101,100.285714285714,
20210905,87,101.857142857143,
20210906,132,108.714285714286,
20210907,162,117,
20210908,130,118.285714285714,
20210909,133,123.571428571429,
20210910,143,126.857142857143,
20210911,111,128.285714285714,
20210912,114,132.142857142857,
20210913,141,133.428571428571,
20210914,134,129.428571428571,
20210915,138,130.571428571429,
20210916,121,128.857142857143,
20210917,113,124.571428571429,
20210918,92,121.857142857143,
20210919,78,116.714285714286,
20210920,118,113.428571428571,
20210921,95,107.857142857143,
20210922,85,100.285714285714,
20210923,92,96.1428571428571,
20210924,79,91.2857142857143,
20210925,72,88.4285714285714,
20210926,67,86.8571428571429,
20210927,88,82.5714285714286,
20210928,86,81.2857142857143,
20210929,75,79.8571428571429,
20210930,63,75.7142857142857,
20211001,74,75,
20211002,70,74.7142857142857,
20211003,76,76,
20211004,96,77.1428571428571,
20211005,78,76,
20211006,71,75.4285714285714,
20211007,84,78.4285714285714,
20211008,88,80.4285714285714,
20211009,65,79.7142857142857,
20211010,57,77,
20211011,60,71.8571428571429,
20211012,72,71,
20211013,58,69.1428571428571,
20211014,79,68.4285714285714,
20211015,80,67.2857142857143,
20211016,63,67,
20211017,48,65.7142857142857,
20211018,89,69.8571428571429,
20211019,99,73.7142857142857,
20211020,85,77.5714285714286,
20211021,80,77.7142857142857,
20211022,85,78.4285714285714,
20211023,62,78.2857142857143,
20211024,63,80.4285714285714,
20211025,90,80.5714285714286,
20211026,88,79,
20211027,86,79.1428571428571,
20211028,79,79,
20211029,87,79.2857142857143,
20211030,61,79.1428571428571,
20211031,63,79.1428571428571,
20211101,92,79.4285714285714,
20211102,81,78.4285714285714,
20211103,78,77.2857142857143,
20211104,66,75.4285714285714,
20211105,72,73.2857142857143,
20211106,52,72,
20211107,57,71.1428571428571,
20211108,84,70,
20211109,82,70.1428571428571,
20211110,64,68.1428571428571,
20211111,86,71,
20211112,59,69.1428571428571,
20211113,38,67.1428571428571,
20211114,61,67.7142857142857,
20211115,68,65.4285714285714,
20211116,74,64.2857142857143,
20211117,58,63.4285714285714,
20211118,54,58.8571428571429,
20211119,54,58.1428571428571,
20211120,35,57.7142857142857,
20211121,40,54.7142857142857,
20211122,66,54.4285714285714,
20211123,55,51.7142857142857,
20211124,65,52.7142857142857,
20211125,52,52.4285714285714,
20211126,47,51.4285714285714,
20211127,39,52,
20211128,40,52,
20211129,66,52,
20211130,47,50.8571428571429,
20211201,50,48.7142857142857,
20211202,45,47.7142857142857,
20211203,34,45.8571428571429,
20211204,48,47.1428571428571,
20211205,37,46.7142857142857,
20211206,63,46.2857142857143,
20211207,63,48.5714285714286,
20211208,61,50.1428571428571,
20211209,64,52.8571428571429,
20211210,38,53.4285714285714,
20211211,33,51.2857142857143,
20211212,32,50.5714285714286,
20211213,53,49.1428571428571,
20211214,48,47,
20211215,53,45.8571428571429,
20211216,47,43.4285714285714,
20211217,41,43.8571428571429,
20211218,43,45.2857142857143,
20211219,35,45.7142857142857,
20211220,70,48.1428571428571,
20211221,54,49,
20211222,66,50.8571428571429,
20211223,50,51.2857142857143,
20211224,66,54.8571428571429,
20211225,42,54.7142857142857,
20211226,69,59.5714285714286,
20211227,93,62.8571428571429,
20211228,98,69.1428571428571,
20211229,117,76.4285714285714,
20211230,119,86.2857142857143,
20211231,122,94.2857142857143,
20220101,94,101.714285714286,
20220102,109,107.428571428571,
20220103,109,109.714285714286,
20220104,132,114.571428571429,
20220105,118,114.714285714286,
20220106,109,113.285714285714,
20220107,105,110.857142857143,
20220108,87,109.857142857143,
20220109,104,109.142857142857,
20220110,116,110.142857142857,
20220111,111,107.142857142857,
20220112,102,104.857142857143,
20220113,94,102.714285714286,
20220114,114,104,
20220115,64,100.714285714286,
20220116,62,94.7142857142857,
20220117,102,92.7142857142857,
20220118,103,91.5714285714286,
20220119,77,88,
20220120,76,85.4285714285714,
20220121,78,80.2857142857143,
20220122,60,79.7142857142857,
20220123,61,79.5714285714286,
20220124,86,77.2857142857143,
20220125,74,73.1428571428571,
20220126,68,71.8571428571429,
20220127,58,69.2857142857143,
20220128,66,67.5714285714286,
20220129,50,66.1428571428571,
20220130,52,64.8571428571429,
20220131,73,63,
20220201,80,63.8571428571429,
20220202,53,61.7142857142857,
20220203,67,63,
20220204,68,63.2857142857143,
20220205,58,64.4285714285714,
20220206,35,62,
20220207,67,61.1428571428571,
20220208,74,60.2857142857143,
20220209,64,61.8571428571429,
20220210,57,60.4285714285714,
20220211,54,58.4285714285714,
20220212,47,56.8571428571429,
20220213,56,59.8571428571429,
20220214,78,61.4285714285714,
20220215,71,61,
20220216,83,63.7142857142857,
20220217,68,65.2857142857143,
20220218,73,68,
20220219,62,70.1428571428571,
20220220,49,69.1428571428571,
20220221,75,68.7142857142857,
20220222,79,69.8571428571429,
20220223,92,71.1428571428571,
20220224,93,74.7142857142857,
20220225,95,77.8571428571429,
20220226,83,80.8571428571429,
20220227,72,84.1428571428571,
20220228,100,87.7142857142857,
20220301,88,89,
20220302,88,88.4285714285714,
20220303,83,87,
20220304,102,88,
20220305,68,85.8571428571429,
20220306,80,87,
20220307,92,85.8571428571429,
20220308,114,89.5714285714286,
20220309,119,94,
20220310,111,98,
20220311,138,103.142857142857,
20220312,124,111.142857142857,
20220313,110,115.428571428571,
20220314,142,122.571428571429,
20220315,143,126.714285714286,
20220316,140,129.714285714286,
20220317,140,133.857142857143,
20220318,154,136.142857142857,
20220319,103,133.142857142857,
20220320,109,133,
20220321,133,131.714285714286,
20220322,148,132.428571428571,
20220323,149,133.714285714286,
20220324,140,133.714285714286,
20220325,140,131.714285714286,
20220326,100,131.285714285714,
20220327,94,129.142857142857,
20220328,114,126.428571428571,
20220329,149,126.571428571429,
20220330,149,126.571428571429,
20220331,138,126.285714285714,
20220401,108,121.714285714286,
20220402,109,123,
20220403,92,122.714285714286,
20220404,133,125.428571428571,
20220405,111,120,
20220406,92,111.857142857143,
20220407,105,107.142857142857,
20220408,106,106.857142857143,
20220409,87,103.714285714286,
20220410,90,103.428571428571,
20220411,90,97.2857142857143,
20220412,88,94,
20220413,94,94.2857142857143,
20220414,86,91.5714285714286,
20220415,78,87.5714285714286,
20220416,74,85.7142857142857,
20220417,63,81.8571428571429,
20220418,67,78.5714285714286,
20220419,81,77.5714285714286,
20220420,60,72.7142857142857,
20220421,73,70.8571428571429,
20220422,82,71.4285714285714,
20220423,47,67.5714285714286,
20220424,41,64.4285714285714,
20220425,58,63.1428571428571,
20220426,51,58.8571428571429,
20220427,66,59.7142857142857,
20220428,50,56.4285714285714,
20220429,46,51.2857142857143,
20220430,45,51,
20220501,48,52,
20220502,44,50,
20220503,51,50,
20220504,54,48.2857142857143,
20220505,34,46,
20220506,41,45.2857142857143,
20220507,34,43.7142857142857,
20220508,29,41,
20220509,57,42.8571428571429,
20220510,63,44.5714285714286,
20220511,47,43.5714285714286,
20220512,48,45.5714285714286,
20220513,33,44.4285714285714,
20220514,23,42.8571428571429,
20220515,29,42.8571428571429,
20220516,42,40.7142857142857,
20220517,31,36.1428571428571,
20220518,31,33.8571428571429,
20220519,28,31,
20220520,41,32.1428571428571,
20220521,19,31.5714285714286,
20220522,26,31.1428571428571,
20220523,31,29.5714285714286,
20220524,51,32.4285714285714,
20220525,43,34.1428571428571,
20220526,30,34.4285714285714,
20220527,36,33.7142857142857,
20220528,30,35.2857142857143,
20220529,45,38,
20220530,34,38.4285714285714,
20220531,30,35.4285714285714,
20220601,43,35.4285714285714,
20220602,53,38.7142857142857,
20220603,44,39.8571428571429,
20220604,44,41.8571428571429,
20220605,50,42.5714285714286,
20220606,59,46.1428571428571,
20220607,48,48.7142857142857,
20220608,52,50,
20220609,70,52.4285714285714,
20220610,73,56.5714285714286,
20220611,58,58.5714285714286,
20220612,68,61.1428571428571,
20220613,70,62.7142857142857,
20220614,76,66.7142857142857,
20220615,75,70,
20220616,82,71.7142857142857,
20220617,81,72.8571428571429,
20220618,61,73.2857142857143,
20220619,62,72.4285714285714,
20220620,88,75,
20220621,108,79.5714285714286,
20220622,98,82.8571428571429,
20220623,117,87.8571428571429,
20220624,129,94.7142857142857,
20220625,103,100.714285714286,
20220626,95,105.428571428571,
20220627,106,108,
20220628,142,112.857142857143,
20220629,113,115,
20220630,117,115,
20220701,112,112.571428571429,
20220702,110,113.571428571429,
20220703,84,112,
20220704,125,114.714285714286,
20220705,125,112.285714285714,
20220706,119,113.142857142857,
20220707,120,113.571428571429,
20220708,113,113.714285714286,
20220709,99,112.142857142857,
20220710,77,111.142857142857,
20220711,137,112.857142857143,
20220712,131,113.714285714286,
20220713,111,112.571428571429,
20220714,89,108.142857142857,
20220715,72,102.285714285714,
20220716,68,97.8571428571429,
20220717,83,98.7142857142857,
20220718,97,93,
20220719,100,88.5714285714286,
20220720,105,87.7142857142857,
20220721,79,86.2857142857143,
20220722,80,87.4285714285714,
20220723,81,89.2857142857143,
20220724,67,87,
20220725,80,84.5714285714286,
20220726,68,80,
20220727,71,75.1428571428571,
20220728,65,73.1428571428571,
20220729,68,71.4285714285714,
20220730,57,68,
20220731,46,65,
20220801,61,62.2857142857143,
20220802,59,61,
20220803,59,59.2857142857143,
20220804,47,56.7142857142857,
20220805,44,53.2857142857143,
20220806,28,49.1428571428571,
20220807,47,49.2857142857143,
20220808,49,47.5714285714286,
20220809,46,45.7142857142857,
20220810,51,44.5714285714286,
20220811,38,43.2857142857143,
20220812,55,44.8571428571429,
20220813,33,45.5714285714286,
20220814,35,43.8571428571429,
20220815,46,43.4285714285714,
20220816,37,42.1428571428571,
20220817,36,40,
20220818,27,38.4285714285714,
20220819,42,36.5714285714286,
20220820,24,35.2857142857143,
20220821,35,35.2857142857143,
20220822,37,34,
20220823,42,34.7142857142857,
20220824,43,35.7142857142857,
20220825,41,37.7142857142857,
20220826,35,36.7142857142857,
20220827,28,37.2857142857143,
20220828,33,37,
20220829,41,37.5714285714286,
20220830,34,36.4285714285714,
20220831,41,36.1428571428571,
20220901,42,36.2857142857143,
20220902,48,38.1428571428571,
20220903,28,38.1428571428571,
20220904,41,39.2857142857143,
20220905,48,40.2857142857143,
20220906,59,43.8571428571429,
20220907,40,43.7142857142857,
20220908,45,44.1428571428571,
20220909,39,42.8571428571429,
20220910,28,42.8571428571429,
20220911,24,40.4285714285714,
20220912,45,40,
20220913,38,37,
20220914,50,38.4285714285714,
20220915,31,36.4285714285714,
20220916,37,36.1428571428571,
20220917,34,37,
20220918,27,37.4285714285714,
20220919,30,35.2857142857143,
20220920,43,36,
20220921,36,34,
20220922,38,35,
20220923,35,34.7142857142857,
20220924,21,32.8571428571429,
20220925,34,33.8571428571429,
20220926,31,34,
20220927,30,32.1428571428571,
20220928,28,31,
20220929,42,31.5714285714286,
20220930,34,31.4285714285714,
20221001,32,33,
20221002,18,30.7142857142857,
20221003,48,33.1428571428571,
20221004,39,34.4285714285714,
20221005,34,35.2857142857143,
20221006,24,32.7142857142857,
20221007,48,34.7142857142857,
20221008,34,35,
20221009,24,35.8571428571429,
20221010,38,34.4285714285714,
20221011,27,32.7142857142857,
20221012,35,32.8571428571429,
20221013,39,35,
20221014,46,34.7142857142857,
20221015,25,33.4285714285714,
20221016,34,34.8571428571429,
20221017,35,34.4285714285714,
20221018,24,34,
20221019,38,34.4285714285714,
20221020,42,34.8571428571429,
20221021,28,32.2857142857143,
20221022,35,33.7142857142857,
20221023,27,32.7142857142857,
20221024,40,33.4285714285714,
20221025,36,35.1428571428571,
20221026,36,34.8571428571429,
20221027,31,33.2857142857143,
20221028,26,33,
20221029,21,31,
20221030,32,31.7142857142857,
20221031,38,31.4285714285714,
20221101,34,31.1428571428571,
20221102,33,30.7142857142857,
20221103,24,29.7142857142857,
20221104,37,31.2857142857143,
20221105,26,32,
20221106,14,29.4285714285714,
20221107,35,29,
20221108,23,27.4285714285714,
20221109,23,26,
20221110,31,27,
20221111,33,26.4285714285714,
20221112,13,24.5714285714286,
20221113,19,25.2857142857143,
20221114,22,23.4285714285714,
20221115,24,23.5714285714286,
20221116,20,23.1428571428571,
20221117,25,22.2857142857143,
20221118,23,20.8571428571429,
20221119,18,21.5714285714286,
20221120,19,21.5714285714286,
20221121,32,23,
20221122,26,23.2857142857143,
20221123,31,24.8571428571429,
20221124,27,25.1428571428571,
20221125,22,25,
20221126,26,26.1428571428571,
20221127,32,28,
20221128,28,27.4285714285714,
20221129,26,27.4285714285714,
20221130,33,27.7142857142857,
20221201,25,27.4285714285714,
20221202,17,26.7142857142857,
20221203,22,26.1428571428571,
20221204,35,26.5714285714286,
20221205,28,26.5714285714286,
20221206,35,27.8571428571429,
20221207,42,29.1428571428571,
20221208,39,31.1428571428571,
20221209,38,34.1428571428571,
20221210,25,34.5714285714286,
20221211,33,34.2857142857143,
20221212,39,35.8571428571429,
20221213,56,38.8571428571429,
20221214,53,40.4285714285714,
20221215,39,40.4285714285714,
20221216,47,41.7142857142857,
20221217,38,43.5714285714286,
20221218,36,44,
20221219,61,47.1428571428571,
20221220,77,50.1428571428571,
20221221,57,50.7142857142857,
20221222,70,55.1428571428571,
20221223,64,57.5714285714286,
20221224,55,60,
20221225,40,60.5714285714286,
20221226,50,59,
20221227,80,59.4285714285714,
20221228,67,60.8571428571429,
20221229,79,62.1428571428571,
20221230,55,60.8571428571429,
20221231,67,62.5714285714286,
20230101,54,64.5714285714286,
20230102,57,65.5714285714286,
20230103,72,64.4285714285714,
20230104,66,64.2857142857143,
20230105,65,62.2857142857143,
20230106,73,64.8571428571429,
20230107,50,62.4285714285714,
20230108,41,60.5714285714286,
20230109,57,60.5714285714286,
20230110,46,56.8571428571429,
20230111,51,54.7142857142857,
20230112,52,52.8571428571429,
20230113,48,49.2857142857143,
20230114,25,45.7142857142857,
20230115,35,44.8571428571429,
20230116,36,41.8571428571429,
20230117,43,41.4285714285714,
20230118,43,40.2857142857143,
20230119,24,36.2857142857143,
20230120,31,33.8571428571429,
20230121,27,34.1428571428571,
20230122,22,32.2857142857143,
20230123,37,32.4285714285714,
20230124,34,31.1428571428571,
20230125,19,27.7142857142857,
20230126,36,29.4285714285714,
20230127,36,30.1428571428571,
20230128,23,29.5714285714286,
20230129,26,30.1428571428571,
20230130,34,29.7142857142857,
20230131,29,29,
20230201,33,31,
20230202,43,32,
20230203,26,30.5714285714286,
20230204,15,29.4285714285714,
20230205,33,30.4285714285714,
20230206,38,31,
20230207,34,31.7142857142857,
20230208,35,32,
20230209,38,31.2857142857143,
20230210,19,30.2857142857143,
20230211,25,31.7142857142857,
20230212,35,32,
20230213,44,32.8571428571429,
20230214,31,32.4285714285714,
20230215,32,32,
20230216,42,32.5714285714286,
20230217,32,34.4285714285714,
20230218,33,35.5714285714286,
20230219,24,34,
20230220,34,32.5714285714286,
20230221,41,34,
20230222,47,36.1428571428571,
20230223,34,35,
20230224,45,36.8571428571429,
20230225,29,36.2857142857143,
20230226,21,35.8571428571429,
20230227,34,35.8571428571429,
20230228,51,37.2857142857143,
20230301,34,35.4285714285714,
20230302,38,36,
20230303,32,34.1428571428571,
20230304,36,35.1428571428571,
20230305,46,38.7142857142857,
20230306,58,42.1428571428571,
20230307,51,42.1428571428571,
20230308,62,46.1428571428571,
20230309,62,49.5714285714286,
20230310,62,53.8571428571429,
20230311,42,54.7142857142857,
20230312,39,53.7142857142857,
20230313,75,56.1428571428571,
20230314,54,56.5714285714286,
20230315,73,58.1428571428571,
20230316,82,61,
20230317,58,60.4285714285714,
20230318,64,63.5714285714286,
20230319,62,66.8571428571429,
20230320,78,67.2857142857143,
20230321,58,67.8571428571429,
20230322,69,67.2857142857143,
20230323,75,66.2857142857143,
20230324,82,69.7142857142857,
20230325,48,67.4285714285714,
20230326,43,64.7142857142857,
20230327,62,62.4285714285714,
20230328,53,61.7142857142857,
20230329,75,62.5714285714286,
20230330,54,59.5714285714286,
20230331,61,56.5714285714286,
20230401,50,56.8571428571429,
20230402,44,57,
20230403,45,54.5714285714286,
20230404,64,56.1428571428571,
20230405,50,52.5714285714286,
20230406,71,55,
20230407,60,54.8571428571429,
20230408,52,55.1428571428571,
20230409,52,56.2857142857143,
20230410,55,57.7142857142857,
20230411,55,56.4285714285714,
20230412,54,57,
20230413,57,55,
20230414,52,53.8571428571429,
20230415,37,51.7142857142857,
20230416,42,50.2857142857143,
20230417,56,50.4285714285714,
20230418,41,48.4285714285714,
20230419,41,46.5714285714286,
20230420,49,45.4285714285714,
20230421,29,42.1428571428571,
20230422,40,42.5714285714286,
20230423,33,41.2857142857143,
20230424,51,40.5714285714286,
20230425,34,39.5714285714286,
20230426,24,37.1428571428571,
20230427,22,33.2857142857143,
20230428,39,34.7142857142857,
20230429,27,32.8571428571429,
20230430,31,32.5714285714286,
20230501,40,31,
20230502,23,29.4285714285714,
20230503,22,29.1428571428571,
20230504,33,30.7142857142857,
20230505,30,29.4285714285714,
20230506,25,29.1428571428571,
20230507,23,28,
20230508,21,25.2857142857143,
20230509,22,25.1428571428571,
20230510,18,24.5714285714286,
20230511,24,23.2857142857143,
20230512,19,21.7142857142857,
20230513,22,21.2857142857143,
20230514,24,21.4285714285714,
20230515,21,21.4285714285714,
20230516,16,20.5714285714286,
20230517,21,21,
20230518,14,19.5714285714286,
20230519,18,19.4285714285714,
20230520,14,18.2857142857143,
20230521,13,16.7142857142857,
20230522,15,15.8571428571429,
20230523,33,18.2857142857143,
20230524,19,18,
20230525,13,17.8571428571429,
20230526,16,17.5714285714286,
20230527,12,17.2857142857143,
20230528,18,18,
20230529,17,18.2857142857143,
20230530,10,15,
20230531,15,14.4285714285714,
20230601,7,13.5714285714286,
20230602,16,13.5714285714286,
20230603,22,15,
20230604,12,14.1428571428571,
20230605,21,14.7142857142857,
20230606,22,16.4285714285714,
20230607,15,16.4285714285714,
20230608,13,17.2857142857143,
20230609,17,17.4285714285714,
20230610,16,16.5714285714286,
20230611,12,16.5714285714286,
20230612,10,15,
20230613,19,14.5714285714286,
20230614,14,14.4285714285714,
20230615,15,14.7142857142857,
20230616,11,13.8571428571429,
20230617,14,13.5714285714286,
20230618,10,13.2857142857143,
20230619,10,13.2857142857143,
20230620,8,11.7142857142857,
20230621,11,11.2857142857143,
20230622,12,10.8571428571429,
20230623,9,10.5714285714286,
20230624,6,9.42857142857143,
20230625,5,8.71428571428571,
20230626,9,8.57142857142857,
20230627,9,8.71428571428571,
20230628,10,8.57142857142857,
20230629,12,8.57142857142857,
20230630,7,8.28571428571429,
20230701,5,8.14285714285714,
20230702,7,8.42857142857143,
20230703,4,7.71428571428571,
20230704,9,7.71428571428571,
20230705,11,7.85714285714286,
20230706,13,8,
20230707,11,8.57142857142857,
20230708,2,8.14285714285714,
20230709,6,8,
20230710,14,9.42857142857143,
20230711,16,10.4285714285714,
20230712,6,9.71428571428571,
20230713,13,9.71428571428571,
20230714,13,10,
20230715,13,11.5714285714286,
20230716,10,12.1428571428571,
20230717,11,11.7142857142857,
20230718,11,11,
20230719,14,12.1428571428571,
20230720,12,12,
20230721,14,12.1428571428571,
20230722,6,11.1428571428571,
20230723,16,12,
20230724,12,12.1428571428571,
20230725,21,13.5714285714286,
20230726,18,14.1428571428571,
20230727,15,14.5714285714286,
20230728,23,15.8571428571429,
20230729,20,17.8571428571429,
20230730,13,17.4285714285714,
20230731,15,17.8571428571429,
20230801,21,17.8571428571429,
20230802,14,17.2857142857143,
20230803,22,18.2857142857143,
20230804,23,18.2857142857143,
20230805,23,18.7142857142857,
20230806,23,20.1428571428571,
20230807,22,21.1428571428571,
20230808,28,22.1428571428571,
20230809,26,23.8571428571429,
20230810,42,26.7142857142857,
20230811,23,26.7142857142857,
20230812,30,27.7142857142857,
20230813,26,28.1428571428571,
20230814,35,30,
20230815,37,31.2857142857143,
20230816,26,31.2857142857143,
20230817,37,30.5714285714286,
20230818,31,31.7142857142857,
20230819,30,31.7142857142857,
20230820,25,31.5714285714286,
20230821,41,32.4285714285714,
20230822,32,31.7142857142857,
20230823,30,32.2857142857143,
20230824,37,32.2857142857143,
20230825,38,33.2857142857143,
20230826,41,34.8571428571429,
20230827,30,35.5714285714286,
20230828,43,35.8571428571429,
20230829,48,38.1428571428571,
20230830,40,39.5714285714286,
20230831,40,40,
20230901,47,41.2857142857143,
20230902,35,40.4285714285714,
20230903,27,40,
20230904,40,39.5714285714286,
20230905,43,38.8571428571429,
20230906,45,39.5714285714286,
20230907,37,39.1428571428571,
20230908,38,37.8571428571429,
20230909,37,38.1428571428571,
20230910,23,37.5714285714286,
20230911,44,38.1428571428571,
20230912,38,37.4285714285714,
20230913,27,34.8571428571429,
20230914,37,34.8571428571429,
20230915,34,34.2857142857143,
20230916,22,32.1428571428571,
20230917,27,32.7142857142857,
20230918p,31,30.8571428571429,
20230919p,38,30.8571428571429,
20230920p,30,31.2857142857143,
20230921p,35,31,
20230922p,40,31.8571428571429,
20230923p,29,32.8571428571429,
20230924p,19,31.7142857142857,
