Year,Country,Sex,SexQF,AllAges,Age0,Age1,Age2,Age3,Age4,Age5,Age6,Age7,Age8,Age9,Age10,Age11,Age12,Age13,Age14,Age15,Age16,Age17,Age18,Age19,Age20,Age21,Age22,Age23,Age24,Age25,Age26,Age27,Age28,Age29,Age30,Age31,Age32,Age33,Age34,Age35,Age36,Age37,Age38,Age39,Age40,Age41,Age42,Age43,Age44,Age45,Age46,Age47,Age48,Age49,Age50,Age51,Age52,Age53,Age54,Age55,Age56,Age57,Age58,Age59,Age60,Age61,Age62,Age63,Age64,Age65,Age66,Age67,Age68,Age69,Age70,Age71,Age72,Age73,Age74,Age75,Age76,Age77,Age78,Age79,Age80,Age81,Age82,Age83,Age84,Age85,Age86,Age87,Age88,Age89,Age90plus
2022,S92000003,All,d,5447000,47191,47629,49169,52048,51689,53326,56033,56663,57284,58589,60102,60726,60854,60603,60961,58963,58418,56010,59330,65869,66096,67645,71041,69314,67041,67824,66440,66037,68378,68664,71064,72762,70538,70749,72550,69800,70218,70574,68731,69199,69236,70238,68329,67124,61641,60807,64368,65017,66592,69712,73585,77221,76986,79622,80832,81023,80514,83155,82502,81296,78473,76071,74414,73192,71526,67918,65846,63035,61094,59577,56587,56361,55495,56517,57063,60064,44317,40802,40475,37823,33744,29159,28825,26741,24564,21731,19649,17421,14871,12759,44964
2022,S92000003,Female,,2800642,22796,23229,23962,25251,25175,25949,27117,27582,27869,28681,29148,29581,29980,29628,29949,28638,28468,27190,28853,32798,33266,34051,35726,35210,34064,34278,33721,33436,34882,35374,36633,37154,36278,36274,37193,35763,35966,36409,35287,35764,35726,36029,34906,33976,31982,31146,33080,33454,34019,35829,38295,40120,39782,40991,41757,41431,41579,42756,42694,41972,40220,39133,38173,37637,36946,34998,34027,32713,31642,30857,29411,29502,29130,29717,30161,31983,23626,22244,22065,21090,19019,16760,16693,15597,14397,12967,11944,10633,9279,8051,29930
2022,S92000003,Male,,2646358,24395,24400,25207,26797,26514,27377,28916,29081,29415,29908,30954,31145,30874,30975,31012,30325,29950,28820,30477,33071,32830,33594,35315,34104,32977,33546,32719,32601,33496,33290,34431,35608,34260,34475,35357,34037,34252,34165,33444,33435,33510,34209,33423,33148,29659,29661,31288,31563,32573,33883,35290,37101,37204,38631,39075,39592,38935,40399,39808,39324,38253,36938,36241,35555,34580,32920,31819,30322,29452,28720,27176,26859,26365,26800,26902,28081,20691,18558,18410,16733,14725,12399,12132,11144,10167,8764,7705,6788,5592,4708,15034
2023,S92000003,All,d,5496848,46213,48006,48536,49945,52721,52288,53941,56640,57239,57840,59138,60645,61263,61386,61161,61657,59820,59479,58227,63573,70179,68859,69965,74024,72216,69149,69699,68185,67593,69818,70077,72422,74000,71683,71836,73562,70727,71057,71352,69485,69875,69809,70772,68818,67532,62028,61165,64677,65279,66828,69933,73753,77337,77071,79647,80819,80978,80405,82967,82261,81010,78150,75704,73991,72687,70954,67287,65138,62272,60246,58610,55557,55211,54224,55068,55432,58139,42735,39167,38636,35887,31790,27275,26757,24603,22380,19584,17490,15284,12832,45188
2023,S92000003,Female,,2826339,22554,23205,23676,24337,25582,25479,26252,27409,27866,28132,28942,29411,29839,30241,29899,30285,29049,28981,28425,31383,35351,34809,35381,37527,36886,35164,35237,34653,34283,35668,36150,37377,37818,36871,36832,37714,36224,36379,36793,35656,36106,36037,36322,35161,34193,32188,31333,33242,33596,34153,35953,38381,40186,39841,41022,41779,41440,41552,42698,42614,41872,40106,39002,38008,37427,36709,34731,33721,32386,31285,30450,28976,29012,28583,29084,29434,31113,22909,21483,21208,20160,18065,15814,15639,14488,13251,11810,10746,9431,8092,29827
2023,S92000003,Male,,2670509,23659,24801,24860,25608,27139,26809,27689,29231,29373,29708,30196,31234,31424,31145,31262,31372,30771,30498,29802,32190,34828,34050,34584,36497,35330,33985,34462,33532,33310,34150,33927,35045,36182,34812,35004,35848,34503,34678,34559,33829,33769,33772,34450,33657,33339,29840,29832,31435,31683,32675,33980,35372,37151,37230,38625,39040,39538,38853,40269,39647,39138,38044,36702,35983,35260,34245,32556,31417,29886,28961,28160,26581,26199,25641,25984,25998,27026,19826,17684,17428,15727,13725,11461,11118,10115,9129,7774,6744,5853,4740,15361
2024,S92000003,All,d,5538939,46577,46969,48807,49195,50496,53210,52808,54464,57143,57730,58328,59624,61127,61741,61889,61798,62448,60807,61590,62286,67677,72692,70756,72339,76236,73716,70541,71032,69378,68705,70930,71162,73415,74921,72563,72664,74316,71405,71693,71969,70033,70333,70246,71166,69142,67829,62310,61414,64875,65459,67002,70057,73832,77372,77064,79600,80740,80827,80201,82696,81950,80653,77755,75267,73479,72112,70302,66575,64362,61429,59299,57577,54461,53987,52885,53553,53736,56149,41100,37479,36749,33901,29817,25397,24700,22499,20249,17513,15435,13272,45952
2024,S92000003,Female,,2848284,22731,22933,23602,23995,24607,25832,25735,26502,27656,28096,28362,29177,29641,30072,30483,30203,30660,29523,30158,30849,33818,36757,35899,36826,38800,37644,35866,35961,35324,34912,36304,36768,37928,38309,37334,37271,38100,36568,36703,37102,35942,36366,36287,36536,35340,34360,32337,31465,33354,33702,34255,36019,38428,40220,39855,41029,41770,41395,41485,42608,42502,41739,39964,38828,37794,37189,36430,34422,33388,32028,30884,30013,28510,28483,27996,28410,28673,30207,22162,20690,20317,19194,17089,14857,14572,13380,12114,10673,9583,8277,30152
2024,S92000003,Male,,2690655,23846,24036,25205,25200,25889,27378,27073,27962,29487,29634,29966,30447,31486,31669,31406,31595,31788,31284,31432,31437,33859,35935,34857,35513,37436,36072,34675,35071,34054,33793,34626,34394,35487,36612,35229,35393,36216,34837,34990,34867,34091,33967,33959,34630,33802,33469,29973,29949,31521,31757,32747,34038,35404,37152,37209,38571,38970,39432,38716,40088,39448,38914,37791,36439,35685,34923,33872,32153,30974,29401,28415,27564,25951,25504,24889,25143,25063,25942,18938,16789,16432,14707,12728,10540,10128,9119,8135,6840,5852,4995,15800
2025,S92000003,All,d,5573865,47026,47264,47680,49381,49667,50914,53663,53269,54910,57579,58164,58763,60057,61559,62194,62462,62511,63340,62739,65349,66078,69934,74290,72702,74085,77333,74777,71601,71985,70280,69630,71839,71995,74195,75669,73269,73308,74888,71945,72220,72429,70416,70698,70576,71427,69389,68049,62506,61572,65011,65591,67089,70103,73841,77323,76990,79493,80561,80587,79920,82355,81567,80223,77285,74732,72889,71442,69549,65775,63485,60468,58262,56447,53263,52667,51446,51934,51934,54037,39364,35695,34755,31836,27792,23471,22610,20381,18126,15477,13431,47082
2025,S92000003,Female,,2866711,22949,23077,23287,23880,24226,24821,26055,25955,26721,27859,28300,28572,29383,29851,30289,30756,30540,31088,30601,32408,33105,35079,37670,37084,37826,39337,38171,36449,36512,35849,35455,36836,37242,38352,38710,37714,37606,38396,36847,36971,37348,36167,36583,36472,36686,35483,34483,32443,31559,33439,33782,34303,36050,38450,40216,39850,41010,41711,41315,41390,42486,42359,41581,39778,38603,37550,36904,36101,34079,33018,31620,30443,29532,27994,27904,27356,27687,27858,29239,21364,19843,19367,18180,16075,13861,13474,12249,10963,9536,8429,30709
2025,S92000003,Male,,2707154,24077,24187,24393,25501,25441,26093,27608,27314,28189,29720,29864,30191,30674,31708,31905,31706,31971,32252,32138,32941,32973,34855,36620,35618,36259,37996,36606,35152,35473,34431,34175,35003,34753,35843,36959,35555,35702,36492,35098,35249,35081,34249,34115,34104,34741,33906,33566,30063,30013,31572,31809,32786,34053,35391,37107,37140,38483,38850,39272,38530,39869,39208,38642,37507,36129,35339,34538,33448,31696,30467,28848,27819,26915,25269,24763,24090,24247,24076,24798,18000,15852,15388,13656,11717,9610,9136,8132,7163,5941,5002,16373
2026,S92000003,All,d,5601570,47361,47644,47885,48171,49774,50010,51300,54063,53655,55290,57963,58550,59148,60439,61961,62704,63096,63308,65091,66251,68882,68073,71227,75797,73995,74808,78066,75562,72318,72675,71010,70366,72512,72626,74815,76253,73798,73779,75330,72383,72599,72734,70712,70962,70781,71616,69563,68184,62613,61672,65098,65638,67102,70084,73772,77211,76860,79289,80295,80273,79572,81943,81113,79717,76718,74120,72206,70672,68706,64876,62492,59418,57128,55214,51970,51246,49907,50213,50017,51796,37527,33806,32680,29715,25713,21513,20507,18269,16036,13489,48274
2026,S92000003,Female,,2881587,23113,23261,23387,23524,24072,24403,25012,26245,26145,26897,28039,28486,28755,29568,30043,30531,31054,30921,32068,32712,34520,34221,35811,38588,37819,38157,39692,38613,36881,36932,36295,35901,37232,37594,38692,39034,37997,37858,38632,37075,37180,37536,36352,36738,36596,36802,35583,34563,32511,31627,33499,33811,34319,36060,38437,40195,39819,40941,41618,41210,41264,42334,42192,41378,39541,38348,37260,36569,35737,33699,32597,31172,29959,29002,27430,27271,26669,26913,26986,28206,20510,18938,18368,17125,15018,12835,12354,11103,9810,8405,31417
2026,S92000003,Male,,2719983,24248,24383,24498,24647,25702,25607,26288,27818,27510,28393,29924,30064,30393,30871,31918,32173,32042,32387,33023,33539,34362,33852,35416,37209,36176,36651,38374,36949,35437,35743,34715,34465,35280,35032,36123,37219,35801,35921,36698,35308,35419,35198,34360,34224,34185,34814,33980,33621,30102,30045,31599,31827,32783,34024,35335,37016,37041,38348,38677,39063,38308,39609,38921,38339,37177,35772,34946,34103,32969,31177,29895,28246,27169,26212,24540,23975,23238,23300,23031,23590,17017,14868,14312,12590,10695,8678,8153,7166,6226,5084,16857
2027,S92000003,All,d,5621920,47587,47910,48177,48291,48486,50046,50326,51636,54392,53980,55620,58300,58884,59479,60789,62408,63259,63796,64880,68334,69525,70634,69065,72295,76616,74353,75234,78573,76039,72798,73215,71570,70879,72998,73110,75283,76673,74165,74131,75677,72678,72830,72958,70912,71107,70918,71738,69657,68235,62666,61729,65107,65614,67052,69992,73643,77046,76636,79002,79957,79891,79156,81462,80583,79115,76076,73418,71422,69815,67767,63866,61411,58270,55891,53886,50582,49730,48273,48384,47981,49429,35582,31836,30545,27535,23597,19537,18405,16186,13994,49405
2027,S92000003,Female,,2892819,23223,23391,23528,23583,23677,24214,24560,25172,26407,26296,27052,28202,28644,28915,29734,30253,30790,31387,31801,34022,34675,35502,34779,36463,39045,37952,38351,39992,38925,37197,37286,36656,36220,37515,37869,38961,39268,38202,38054,38819,37246,37335,37688,36478,36834,36687,36878,35644,34610,32556,31672,33511,33807,34313,36038,38407,40149,39740,40841,41501,41073,41110,42158,41980,41125,39276,38050,36920,36201,35339,33272,32136,30679,29425,28423,26815,26594,25934,26084,26053,27104,19597,17984,17327,16024,13927,11785,11215,9952,8661,32079
2027,S92000003,Male,,2729101,24364,24519,24649,24708,24809,25832,25766,26464,27985,27684,28568,30098,30240,30564,31055,32155,32469,32409,33079,34312,34850,35132,34286,35832,37571,36401,36883,38581,37114,35601,35929,34914,34659,35483,35241,36322,37405,35963,36077,36858,35432,35495,35270,34434,34273,34231,34860,34013,33625,30110,30057,31596,31807,32739,33954,35236,36897,36896,38161,38456,38818,38046,39304,38603,37990,36800,35368,34502,33614,32428,30594,29275,27591,26466,25463,23767,23136,22339,22300,21928,22325,15985,13852,13218,11511,9670,7752,7190,6234,5333,17326
2028,S92000003,All,d,5634973,47750,48069,48359,48502,48529,48688,50297,50598,51907,54664,54257,55908,58588,59166,59778,61173,62889,63865,65185,67872,71361,71038,71339,69732,72679,76604,74484,75484,78816,76312,73154,73606,71926,71223,73347,73453,75596,76938,74420,74394,75891,72839,72988,73091,70997,71188,70995,71784,69667,68231,62676,61709,65046,65531,66931,69839,73464,76791,76335,78644,79552,79443,78674,80906,79958,78439,75346,72614,70550,68861,66720,62773,60233,57020,54558,52457,49099,48118,46534,46439,45822,46922,33550,29807,28346,25310,21459,17561,16329,14145,50841
2028,S92000003,Female,,2900380,23302,23467,23617,23685,23699,23786,24339,24688,25305,26532,26425,27190,28337,28780,29056,29913,30475,31076,32166,33614,35848,35521,35891,35191,36668,38975,37992,38519,40187,39138,37460,37565,36899,36435,37726,38080,39146,39428,38353,38203,38955,37368,37457,37783,36546,36899,36741,36917,35670,34632,32577,31669,33490,33784,34277,35998,38353,40054,39632,40717,41352,40908,40932,41938,41717,40844,38968,37700,36545,35799,34894,32807,31632,30136,28841,27790,26156,25869,25144,25195,25052,25924,18631,16987,16236,14883,12807,10715,10068,8801,32913
2028,S92000003,Male,,2734593,24448,24602,24742,24817,24830,24902,25958,25910,26602,28132,27832,28718,30251,30386,30722,31260,32414,32789,33019,34258,35513,35517,35448,34541,36011,37629,36492,36965,38629,37174,35694,36041,35027,34788,35621,35373,36450,37510,36067,36191,36936,35471,35531,35308,34451,34289,34254,34867,33997,33599,30099,30040,31556,31747,32654,33841,35111,36737,36703,37927,38200,38535,37742,38968,38241,37595,36378,34914,34005,33062,31826,29966,28601,26884,25717,24667,22943,22249,21390,21244,20770,20998,14919,12820,12110,10427,8652,6846,6261,5344,17928
2029,S92000003,All,d,5647807,47915,48233,48518,48684,48740,48729,48938,50569,50868,52180,54940,54539,56193,58870,59463,60161,61652,63496,65256,68172,70907,72888,71741,72013,70143,72676,76727,74738,75732,79087,76668,73549,73966,72269,71573,73690,73766,75866,77194,74684,74614,76053,73001,73125,73176,71081,71267,71048,71793,69668,68230,62653,61663,64965,65414,66787,69672,73226,76486,75992,78247,79108,78955,78144,80281,79283,77693,74530,71739,69601,67815,65596,61585,58959,55681,53134,50938,47527,46408,44690,44382,43538,44304,31455,27714,26101,23058,19318,15607,14292,52217
2029,S92000003,Female,,2907871,23382,23547,23693,23774,23801,23807,23911,24467,24820,25430,26661,26561,27324,28473,28920,29235,30134,30761,31857,33975,35443,36703,35907,36308,35415,36606,39011,38161,38716,40401,39402,37742,37811,37113,36646,37937,38265,39308,39580,38502,38341,39078,37492,37554,37850,36612,36954,36782,36942,35692,34651,32570,31653,33467,33747,34239,35950,38265,39942,39512,40573,41186,40732,40722,41679,41437,40527,38616,37323,36146,35356,34412,32299,31081,29546,28208,27114,25451,25092,24300,24244,23980,24673,17619,15940,15104,13708,11663,9636,8918,33783
2029,S92000003,Male,,2739936,24533,24686,24825,24910,24939,24922,25027,26102,26048,26750,28279,27978,28869,30397,30543,30926,31518,32735,33399,34197,35464,36185,35834,35705,34728,36070,37716,36577,37016,38686,37266,35807,36155,35156,34927,35753,35501,36558,37614,36182,36273,36975,35509,35571,35326,34469,34313,34266,34851,33976,33579,30083,30010,31498,31667,32548,33722,34961,36544,36480,37674,37922,38223,37422,38602,37846,37166,35914,34416,33455,32459,31184,29286,27878,26135,24926,23824,22076,21316,20390,20138,19558,19631,13836,11774,10997,9350,7655,5971,5374,18434
2030,S92000003,All,d,5660359,48078,48398,48682,48844,48923,48941,48978,49209,50838,51137,52455,55222,54822,56473,59168,59844,60639,62258,64888,68249,71209,72435,73595,72406,72420,70163,72809,76975,74986,76010,79446,77065,73913,74311,72619,71918,74003,74038,76131,77460,74905,74782,76215,73141,73215,73260,71164,71322,71065,71795,69673,68194,62603,61596,64851,65277,66629,69449,72945,76142,75612,77812,78625,78419,77547,79607,78537,76859,73641,70790,68561,66690,64375,60301,57593,54248,51619,49331,45860,44591,42737,42201,41151,41596,29291,25569,23821,20797,17194,13683,53520
2030,S92000003,Female,,2915239,23461,23627,23773,23851,23891,23910,23932,24038,24598,24943,25559,26797,26694,27459,28613,29098,29456,30420,31542,33672,35807,36297,37091,36317,36528,35367,36649,39177,38357,38933,40668,39686,37989,38026,37324,36857,38122,38428,39464,39731,38640,38466,39202,37589,37623,37914,36668,36995,36810,36965,35712,34641,32550,31635,33431,33709,34193,35869,38162,39821,39374,40413,41009,40524,40474,41403,41121,40165,38235,36922,35707,34876,33887,31744,30481,28906,27533,26394,24697,24260,23395,23223,22844,23360,16555,14850,13935,12506,10505,8549,34645
2030,S92000003,Male,,2745120,24617,24771,24909,24993,25032,25031,25046,25171,26240,26194,26896,28425,28128,29014,30555,30746,31183,31838,33346,34577,35402,36138,36504,36089,35892,34796,36160,37798,36629,37077,38778,37379,35924,36285,35295,35061,35881,35610,36667,37729,36265,36316,37013,35552,35592,35346,34496,34327,34255,34830,33961,33553,30053,29961,31420,31568,32436,33580,34783,36321,36238,37399,37616,37895,37073,38204,37416,36694,35406,33868,32854,31814,30488,28557,27112,25342,24086,22937,21163,20331,19342,18978,18307,18236,12736,10719,9886,8291,6689,5134,18875
2031,S92000003,All,d,5672525,48234,48562,48848,49010,49084,49125,49190,49248,49476,51105,51408,52735,55502,55098,56769,59548,60321,61243,63647,67880,71288,72737,73138,74256,72804,72439,70314,73063,77221,75262,76374,79850,77431,74262,74664,72962,72231,74272,74302,76402,77682,75075,74952,76356,73234,73304,73343,71223,71341,71076,71801,69643,68129,62532,61497,64717,65126,66419,69183,72624,75761,75196,77340,78096,77818,76903,78862,77703,75952,72677,69747,67441,65468,63056,58925,56130,52723,50012,47622,44087,42666,40663,39919,38679,38789,27065,23384,21525,18548,15100,54106
2031,S92000003,Female,,2922418,23537,23706,23854,23932,23968,24000,24034,24059,24168,24720,25070,25694,26928,26827,27599,28790,29318,29741,31198,33352,35503,36662,36680,37497,36532,36480,35420,36820,39374,38573,39202,40958,39936,38206,38239,37534,37041,38283,38583,39616,39870,38766,38593,39300,37659,37690,37969,36712,37024,36836,36985,35704,34618,32527,31604,33394,33663,34116,35774,38050,39681,39219,40242,40801,40279,40210,41091,40758,39773,37830,36480,35230,34353,33314,31141,29830,28223,26811,25622,23888,23367,22422,22139,21650,21976,15445,13723,12736,11285,9337,35074
2031,S92000003,Male,,2750107,24697,24856,24994,25078,25116,25125,25156,25189,25308,26385,26338,27041,28574,28271,29170,30758,31003,31502,32449,34528,35785,36075,36458,36759,36272,35959,34894,36243,37847,36689,37172,38892,37495,36056,36425,35428,35190,35989,35719,36786,37812,36309,36359,37056,35575,35614,35374,34511,34317,34240,34816,33939,33511,30005,29893,31323,31463,32303,33409,34574,36080,35977,37098,37295,37539,36693,37771,36945,36179,34847,33267,32211,31115,29742,27784,26300,24500,23201,22000,20199,19299,18241,17780,17029,16813,11620,9661,8789,7263,5763,19032
2032,S92000003,All,d,5684210,48353,48720,49014,49176,49250,49286,49374,49460,49515,49743,51375,51686,53014,55778,55391,57149,60025,60924,62630,66632,70914,72818,73443,73792,74644,72815,72584,70577,73315,77496,75624,76783,80223,77781,74619,75013,73275,72502,74535,74576,76633,77856,75249,75101,76448,73327,73393,73401,71246,71353,71090,71771,69584,68043,62432,61379,64569,64922,66168,68880,72269,75345,74745,76822,77501,77170,76191,78029,76795,74969,71619,68623,66222,64144,61638,57448,54570,51103,48301,45803,42206,40620,38491,37552,36111,35897,24791,21174,19232,16324,55836
2032,S92000003,Female,,2929337,23595,23783,23934,24013,24049,24077,24124,24161,24190,24290,24846,25205,25825,27061,26965,27775,29010,29603,30519,33001,35176,36358,37047,37080,37705,36479,36530,35595,37019,39590,38841,39494,41214,40155,38421,38453,37718,37202,38438,38737,39758,39998,38894,38694,39370,37727,37747,38010,36743,37050,36859,36976,35681,34592,32493,31572,33349,33586,34026,35670,37919,39525,39055,40040,40555,40017,39910,40733,40365,39356,37384,36000,34709,33780,32689,30484,29134,27492,26036,24793,23020,22407,21389,20997,20388,20529,14294,12562,11513,10050,36139
2032,S92000003,Male,,2754873,24758,24937,25080,25163,25201,25209,25250,25299,25325,25453,26529,26481,27189,28717,28426,29374,31015,31321,32111,33631,35738,36460,36396,36712,36939,36336,36054,34982,36296,37906,36783,37289,39009,37626,36198,36560,35557,35300,36097,35839,36875,37858,36355,36407,37078,35600,35646,35391,34503,34303,34231,34795,33903,33451,29939,29807,31220,31336,32142,33210,34350,35820,35690,36782,36946,37153,36281,37296,36430,35613,34235,32623,31513,30364,28949,26964,25436,23611,22265,21010,19186,18213,17102,16555,15723,15368,10497,8612,7719,6274,19697
2033,S92000003,All,d,5695335,48465,48839,49173,49342,49415,49452,49537,49645,49727,49781,50014,51653,51963,53289,56070,55766,57625,60629,62308,65597,69649,72441,73525,74099,74175,74647,72956,72846,70832,73594,77857,76028,77156,80580,78141,74971,75328,73545,72766,74808,74808,76811,78029,75400,75202,76541,73419,73457,73424,71263,71370,71069,71710,69504,67927,62312,61248,64369,64678,65883,68547,71882,74893,74251,76241,76861,76455,75395,77121,75810,73890,70479,67402,64904,62722,60117,55875,52915,49379,46478,43871,40204,38476,36236,35091,33459,32932,22485,18961,16958,58387
2033,S92000003,Female,,2935965,23650,23841,24011,24093,24130,24158,24203,24252,24292,24312,24416,24980,25335,25957,27198,27139,27994,29294,30379,32315,34817,36028,36744,37449,37285,37646,36527,36703,35794,37236,39858,39130,39749,41438,40373,38636,38639,37879,37356,38591,38880,39888,40126,38995,38768,39438,37785,37791,38040,36771,37073,36852,36951,35655,34554,32457,31532,33273,33496,33928,35549,37774,39359,38861,39801,40293,39721,39566,40344,39947,38897,36899,35476,34139,33156,32009,29783,28390,26708,25204,23902,22085,21387,20300,19790,19067,19024,13106,11377,10273,37698
2033,S92000003,Male,,2759370,24815,24998,25162,25249,25285,25294,25334,25393,25435,25469,25598,26673,26628,27332,28872,28627,29631,31335,31929,33282,34832,36413,36781,36650,36890,37001,36429,36143,35038,36358,37999,36898,37407,39142,37768,36335,36689,35666,35410,36217,35928,36923,37903,36405,36434,37103,35634,35666,35384,34492,34297,34217,34759,33849,33373,29855,29716,31096,31182,31955,32998,34108,35534,35390,36440,36568,36734,35829,36777,35863,34993,33580,31926,30765,29566,28108,26092,24525,22671,21274,19969,18119,17089,15936,15301,14392,13908,9379,7584,6685,20689
2034,S92000003,All,d,5705856,48570,48951,49291,49502,49583,49618,49703,49809,49914,49993,50051,50291,51930,52236,53579,56445,56239,58228,62014,65260,68590,71170,73149,74181,74484,74176,74781,73216,73099,71112,73959,78260,76400,77516,80947,78497,75293,75602,73809,73040,75038,74987,76991,78180,75502,75303,76632,73486,73484,73439,71284,71351,71018,71630,69392,67786,62179,61068,64129,64401,65567,68182,71461,74401,73697,75616,76157,75659,74527,76136,74730,72727,69238,66078,63485,61194,58493,54203,51151,47539,44544,41816,38105,36247,33887,32544,30735,29915,20168,16757,61129
2034,S92000003,Female,,2942276,23701,23896,24068,24170,24211,24239,24283,24331,24383,24414,24438,24550,25110,25466,26094,27373,27357,28278,30071,32163,34116,35666,36414,37145,37654,37226,37690,36701,36901,36010,37505,40147,39384,39974,41660,40591,38825,38802,38033,37509,38733,39010,40018,40228,39069,38839,39495,37830,37822,38066,36796,37067,36831,36925,35617,34513,32413,31463,33185,33399,33813,35415,37620,39164,38632,39547,39998,39382,39193,39930,39487,38398,36369,34902,33517,32475,31282,29033,27591,25865,24311,22944,21091,20311,19146,18524,17691,17466,11888,10170,39253
2034,S92000003,Male,,2763580,24869,25055,25223,25332,25372,25379,25420,25478,25531,25579,25613,25741,26820,26770,27485,29072,28882,29950,31943,33097,34474,35504,36735,37036,36830,36950,37091,36515,36198,35102,36454,38113,37016,37542,39287,37906,36468,36800,35776,35531,36305,35977,36973,37952,36433,36464,37137,35656,35662,35373,34488,34284,34187,34705,33775,33273,29766,29605,30944,31002,31754,32767,33841,35237,35065,36069,36159,36277,35334,36206,35243,34329,32869,31176,29968,28719,27211,25170,23560,21674,20233,18872,17014,15936,14741,14020,13044,12449,8280,6587,21876
2035,S92000003,All,d,5715742,48617,49057,49407,49621,49744,49786,49870,49976,50079,50181,50262,50326,50566,52202,52523,53952,56918,56841,59612,64961,68245,70105,71878,73807,74566,74484,74310,75036,73468,73374,71471,74364,78634,76758,77887,81308,78819,75571,75868,74083,73272,75218,75169,77150,78283,75606,75405,76698,73517,73505,73458,71269,71303,70948,71517,69258,67632,61998,60852,63858,64094,65222,67790,71004,73850,73103,74929,75371,74792,73587,75059,73568,71463,67892,64654,61960,59563,56765,52420,49269,45584,42480,39655,35920,33925,31457,29924,27958,26877,17856,63298
2035,S92000003,Female,,2948250,23724,23947,24125,24228,24289,24320,24365,24412,24463,24505,24540,24571,24679,25240,25601,26267,27591,27640,29053,31852,33958,34962,36053,36818,37351,37594,37270,37860,36900,37115,36274,37794,40403,39607,40197,41882,40781,38990,38958,38186,37651,38862,39141,40123,40302,39141,38902,39540,37863,37851,38089,36792,37046,36808,36885,35577,34465,32342,31384,33089,33285,33687,35276,37439,38934,38389,39260,39658,39013,38796,39476,38988,37854,35788,34276,32839,31747,30503,28226,26732,24959,23347,21923,20042,19171,17937,17204,16263,15866,10647,40507
2035,S92000003,Male,,2767492,24893,25110,25282,25393,25455,25466,25505,25564,25616,25676,25722,25755,25887,26962,26922,27685,29327,29201,30559,33109,34287,35143,35825,36989,37215,36890,37040,37176,36568,36259,35197,36570,38231,37151,37690,39426,38038,36581,36910,35897,35621,36356,36028,37027,37981,36465,36503,37158,35654,35654,35369,34477,34257,34140,34632,33681,33167,29656,29468,30769,30809,31535,32514,33565,34916,34714,35669,35713,35779,34791,35583,34580,33609,32104,30378,29121,27816,26262,24194,22537,20625,19133,17732,15878,14754,13520,12720,11695,11011,7209,22791
2036,S92000003,All,d,5724949,48631,49106,49513,49739,49865,49948,50038,50143,50246,50346,50449,50537,50601,50838,52489,52894,54423,57519,58223,62553,67941,69757,70810,72538,74195,74565,74618,74565,75284,73743,73731,71870,74737,78993,77126,78254,81640,79099,75842,76143,74313,73453,75398,75330,77261,78386,75708,75479,76728,73543,73530,73442,71225,71236,70844,71381,69111,67427,61778,60605,63560,63760,64850,67360,70488,73257,72448,74162,74517,73853,72559,73900,72301,70092,66444,63121,60329,57826,54921,50515,47267,43501,40312,37409,33643,31519,28953,27252,25156,23839,66105
2036,S92000003,Female,,2953859,23731,23972,24177,24285,24347,24399,24446,24494,24544,24585,24630,24673,24700,24809,25375,25773,26484,27874,28414,30827,33641,34802,35348,36459,37027,37291,37638,37443,38058,37114,37378,36557,38047,40627,39829,40421,42078,40948,39149,39112,38326,37780,38992,39246,40200,40375,39203,38950,39572,37893,37878,38084,36773,37024,36772,36844,35529,34387,32258,31298,32978,33160,33555,35108,37223,38689,38115,38930,39291,38622,38361,38983,38441,37257,35154,33592,32113,30967,29665,27358,25808,23983,22320,20846,18930,17974,16674,15834,14794,14232,42012
2036,S92000003,Male,,2771090,24900,25134,25336,25454,25518,25549,25592,25649,25702,25761,25819,25864,25901,26029,27114,27121,27939,29645,29809,31726,34300,34955,35462,36079,37168,37274,36980,37122,37226,36629,36353,35313,36690,38366,37297,37833,39562,38151,36693,37031,35987,35673,36406,36084,37061,38011,36505,36529,37156,35650,35652,35358,34452,34212,34072,34537,33582,33040,29520,29307,30582,30600,31295,32252,33265,34568,34333,35232,35226,35231,34198,34917,33860,32835,31290,29529,28216,26859,25256,23157,21459,19518,17992,16563,14713,13545,12279,11418,10362,9607,24093
2037,S92000003,All,d,5733420,48637,49121,49562,49846,49983,50069,50201,50312,50413,50513,50616,50726,50814,50871,51124,52860,53366,55025,58897,61130,65501,69451,70463,71476,72931,74195,74698,74874,74815,75560,74103,74126,72240,75098,79361,77489,78587,81924,79371,76123,76377,74495,73639,75559,75443,77370,78487,75786,75519,76749,73573,73521,73396,71162,71136,70719,71232,68911,67183,61529,60331,63234,63402,64446,66878,69933,72604,71718,73329,73592,72825,71449,72637,70928,68614,64884,61480,58593,55972,52952,48487,45129,41307,38054,35062,31279,29037,26395,24550,22346,73715
2037,S92000003,Female,,2959065,23734,23979,24201,24337,24404,24457,24525,24575,24626,24666,24711,24764,24803,24829,24943,25547,25991,26768,28647,30169,32596,34482,35189,35759,36672,36969,37335,37810,37641,38272,37379,37660,36807,38271,40849,40051,40616,42248,41108,39306,39255,38456,37913,39097,39324,40275,40437,39252,38986,39600,37921,37876,38064,36753,36989,36735,36796,35450,34296,32168,31197,32857,33031,33399,34910,36994,38413,37799,38573,38901,38191,37886,38442,37842,36604,34460,32858,31335,30128,28765,26424,24809,22940,21235,19702,17760,16722,15361,14420,13290,46478
2037,S92000003,Male,,2774355,24903,25142,25361,25509,25579,25612,25676,25737,25787,25847,25905,25962,26011,26042,26181,27313,27375,28257,30250,30961,32905,34969,35274,35717,36259,37226,37363,37064,37174,37288,36724,36466,35433,36827,38512,37438,37971,39676,38263,36817,37122,36039,35726,36462,36119,37095,38050,36534,36533,37149,35652,35645,35332,34409,34147,33984,34436,33461,32887,29361,29134,30377,30371,31047,31968,32939,34191,33919,34756,34691,34634,33563,34195,33086,32010,30424,28622,27258,25844,24187,22063,20320,18367,16819,15360,13519,12315,11034,10130,9056,27237
2038,S92000003,All,d,5741168,48630,49127,49578,49895,50090,50188,50322,50475,50582,50681,50783,50893,51002,51084,51156,51494,53330,53967,56405,61787,64045,66998,70158,71135,71880,72938,74329,74954,75125,75092,75919,74501,74492,72594,75469,79725,77819,78875,82200,79652,76361,76561,74678,73802,75672,75556,77480,78564,75826,75552,76776,73568,73482,73331,71066,71014,70583,71031,68672,66908,61250,60030,62883,63013,63991,66360,69322,71879,70924,72427,72578,71718,70242,71269,69448,67021,63215,59732,56739,53990,50856,46322,42879,39021,35694,32626,28840,26498,23806,21837,78906
2038,S92000003,Female,,2963873,23730,23982,24209,24362,24456,24514,24584,24654,24707,24749,24792,24845,24894,24932,24963,25115,25764,26274,27541,30392,31921,33431,34870,35604,35978,36617,37014,37507,38009,37857,38537,37663,37908,37026,38493,41072,40245,40787,42410,41265,39451,39386,38587,38019,39175,39400,40340,40486,39287,39019,39627,37920,37859,38042,36720,36952,36691,36716,35359,34200,32061,31085,32730,32878,33213,34700,36735,38097,37457,38195,38471,37723,37367,37849,37186,35889,33716,32072,30498,29226,27796,25415,23743,21838,20082,18499,16536,15419,14005,12971,49512
2038,S92000003,Male,,2777295,24900,25145,25369,25533,25634,25674,25738,25821,25875,25932,25991,26048,26108,26152,26193,26379,27566,27693,28864,31395,32124,33567,35288,35531,35902,36321,37315,37447,37116,37235,37382,36838,36584,35568,36976,38653,37574,38088,39790,38387,36910,37175,36091,35783,36497,36156,37140,38078,36539,36533,37149,35648,35623,35289,34346,34062,33892,34315,33313,32708,29189,28945,30153,30135,30778,31660,32587,33782,33467,34232,34107,33995,32875,33420,32262,31132,29499,27660,26241,24764,23060,20907,19136,17183,15612,14127,12304,11079,9801,8866,29394
2039,S92000003,All,d,5748258,48623,49120,49583,49911,50139,50294,50441,50596,50745,50851,50952,51060,51170,51272,51370,51526,51965,53930,55343,59298,64701,65532,67704,70832,71545,71897,73078,74585,75204,75402,75454,76320,74869,74845,72957,75835,80056,78105,79157,82487,79890,76547,76746,74841,73921,75785,75669,77565,78603,75860,75589,76766,73532,73423,73232,70947,70879,70393,70789,68399,66602,60947,59707,62501,62574,63502,65790,68641,71092,70064,71439,71488,70514,68933,69795,67853,65318,61438,57863,54752,51875,48613,44038,40531,36628,33241,30108,26342,23925,21202,82812
2039,S92000003,Female,,2968313,23727,23978,24212,24370,24482,24566,24640,24713,24786,24830,24875,24927,24976,25023,25066,25135,25332,26047,27044,29286,32142,32751,33820,35287,35827,35928,36664,37186,37705,38224,38124,38822,37913,38127,37242,38715,41267,40415,40951,42571,41411,39583,39518,38693,38100,39252,39466,40391,40522,39320,39050,39624,37904,37841,38008,36686,36909,36615,36624,35261,34087,31945,30969,32580,32695,33015,34462,36437,37756,37095,37778,38004,37211,36797,37201,36468,35123,32919,31225,29596,28253,26747,24336,22616,20666,18869,17238,15261,14072,12612,51806
2039,S92000003,Male,,2779945,24896,25142,25371,25541,25657,25728,25801,25883,25959,26021,26077,26133,26194,26249,26304,26391,26633,27883,28299,30012,32559,32781,33884,35545,35718,35969,36414,37399,37499,37178,37330,37498,36956,36718,35715,37120,38789,37690,38206,39916,38479,36964,37228,36148,35821,36533,36203,37174,38081,36540,36539,37142,35628,35582,35224,34261,33970,33778,34165,33138,32515,29002,28738,29921,29879,30487,31328,32204,33336,32969,33661,33484,33303,32136,32594,31385,30195,28519,26638,25156,23622,21866,19702,17915,15962,14372,12870,11081,9853,8590,31006
2040,S92000003,All,d,5754648,48604,49113,49577,49917,50155,50343,50547,50716,50867,51014,51122,51229,51337,51440,51557,51740,51996,52564,55303,58203,62185,66189,66237,68383,71245,71566,72043,73337,74834,75481,75763,75858,76691,75225,75207,73316,76168,80341,78383,79448,82731,80077,76737,76912,74958,74037,75898,75756,77610,78634,75898,75589,76725,73477,73331,73112,70816,70692,70162,70512,68096,66267,60619,59355,62070,62102,62964,65152,67901,70238,69120,70376,70302,69208,67522,68207,66146,63502,59536,55861,52632,49612,46246,41653,38072,34140,30703,27527,23809,21335,85467
2040,S92000003,Female,,2972351,23717,23975,24208,24373,24489,24592,24692,24769,24845,24909,24956,25009,25058,25105,25156,25238,25352,25614,26815,28768,31019,32974,33142,34242,35513,35780,35979,36837,37384,37921,38490,38412,39074,38134,38344,37460,38910,41437,40577,41113,42720,41544,39717,39626,38772,38177,39319,39519,40429,40555,39351,39051,39605,37887,37810,37972,36644,36834,36526,36524,35147,33963,31823,30831,32401,32502,32791,34187,36116,37394,36695,37325,37493,36648,36173,36491,35698,34301,32060,30312,28622,27199,25625,23193,21416,19431,17596,15923,13942,12687,53402
2040,S92000003,Male,,2782297,24887,25138,25369,25544,25666,25751,25855,25947,26022,26105,26166,26220,26279,26335,26401,26502,26644,26950,28488,29435,31166,33215,33095,34141,35732,35786,36064,36500,37450,37560,37273,37446,37617,37091,36863,35856,37258,38904,37806,38335,40011,38533,37020,37286,36186,35860,36579,36237,37181,38079,36547,36538,37120,35590,35521,35140,34172,33858,33636,33988,32949,32304,28796,28524,29669,29600,30173,30965,31785,32844,32425,33051,32809,32560,31349,31716,30448,29201,27476,25549,24010,22413,20621,18460,16656,14709,13107,11604,9867,8648,32065
2041,S92000003,All,d,5760414,48557,49094,49570,49911,50161,50360,50596,50822,50987,51136,51287,51400,51506,51608,51726,51928,52210,52594,53936,58148,61062,63662,66897,66930,68810,71270,71716,72307,73592,75113,75843,76169,76232,77047,75589,75562,73642,76455,80620,78674,79697,82922,80266,76906,77028,75075,74156,75985,75807,77649,78670,75901,75561,76664,73390,73218,72980,70634,70465,69899,70205,67764,65906,60264,58954,61607,61583,62361,64459,67099,69300,68105,69220,69017,67802,66002,66506,64327,61559,57496,53722,50360,47222,43772,39154,35512,31563,28100,24907,21255,87709
2041,S92000003,Female,,2976031,23694,23965,24205,24369,24492,24599,24719,24821,24901,24968,25036,25091,25139,25187,25239,25329,25455,25633,26381,28530,30485,31844,33367,33573,34477,35469,35833,36155,37037,37601,38188,38778,38665,39295,38351,38559,37650,39080,41600,40739,41265,42857,41679,39825,39705,38850,38247,39371,39558,40464,40586,39353,39038,39585,37857,37777,37929,36572,36747,36431,36408,35022,33834,31681,30665,32212,32284,32533,33891,35776,36995,36261,36829,36933,36033,35490,35728,34872,33415,31132,29325,27566,26071,24437,21977,20151,18136,16268,14561,12584,54766
2041,S92000003,Male,,2784383,24863,25129,25365,25542,25669,25761,25877,26001,26086,26168,26251,26309,26367,26421,26487,26599,26755,26961,27555,29618,30577,31818,33530,33357,34333,35801,35883,36152,36555,37512,37655,37391,37567,37752,37238,37003,35992,37375,39020,37935,38432,40065,38587,37081,37323,36225,35909,36614,36249,37185,38084,36548,36523,37079,35533,35441,35051,34062,33718,33468,33797,32742,32072,28583,28289,29395,29299,29828,30568,31323,32305,31844,32391,32084,31769,30512,30778,29455,28144,26364,24397,22794,21151,19335,17177,15361,13427,11832,10346,8671,32943
2042,S92000003,All,d,5765595,48475,49047,49551,49904,50155,50366,50615,50872,51094,51256,51408,51565,51678,51777,51894,52098,52399,52809,53964,56777,60998,62527,64369,67596,67372,68845,71421,71979,72562,73871,75476,76248,76543,76592,77414,75951,75887,73925,76737,80909,78921,79895,83117,80436,77027,77146,75191,74249,76036,75852,77693,78671,75874,75512,76571,73281,73092,72795,70412,70204,69606,69869,67408,65516,59863,58527,61098,61001,61705,63707,66216,68290,66999,67966,67632,66288,64374,64694,62381,59475,55318,51430,47960,44722,41175,36548,32859,28916,25455,22263,89433
2042,S92000003,Female,,2979358,23654,23942,24195,24366,24488,24602,24726,24849,24954,25024,25095,25171,25222,25269,25321,25412,25546,25736,26399,28093,30240,31304,32236,33801,33816,34438,35523,36008,36355,37253,37868,38475,39031,38888,39514,38570,38749,37817,39243,41761,40889,41405,42996,41789,39907,39784,38917,38302,39411,39596,40497,40588,39340,39024,39553,37826,37737,37854,36487,36652,36320,36281,34893,33684,31512,30491,31998,32032,32254,33577,35399,36559,35785,36284,36319,35359,34756,34910,33982,32459,30130,28255,26436,24876,23170,20693,18822,16782,14892,13158,55782
2042,S92000003,Male,,2786237,24821,25105,25356,25538,25667,25764,25889,26023,26140,26232,26313,26394,26456,26508,26573,26686,26853,27073,27565,28684,30758,31223,32133,33795,33556,34407,35898,35971,36207,36618,37608,37773,37512,37704,37900,37381,37138,36108,37494,39148,38032,38490,40121,38647,37120,37362,36274,35947,36625,36256,37196,38083,36534,36488,37018,35455,35355,34941,33925,33552,33286,33588,32515,31832,28351,28036,29100,28969,29451,30130,30817,31731,31214,31682,31313,30929,29618,29784,28399,27016,25188,23175,21524,19846,18005,15855,14037,12134,10563,9105,33651
2043,S92000003,All,d,5770152,48350,48965,49504,49885,50148,50360,50621,50890,51144,51363,51528,51686,51843,51950,52065,52266,52569,52999,54177,56784,59608,62463,63233,65068,68040,67420,69006,71687,72235,72843,74235,75882,76622,76903,76961,77776,76280,76169,74204,77030,81156,79117,80095,83290,80556,77147,77262,75283,74307,76081,75902,77701,78641,75827,75430,76455,73160,72914,72568,70156,69912,69283,69507,67020,65074,59431,58055,60528,60370,60992,62877,65267,67194,65801,66616,66140,64667,62640,62754,60291,57249,52982,49008,45448,42097,38466,33845,30130,26221,22781,91696
2043,S92000003,Female,,2982319,23593,23902,24172,24356,24485,24598,24729,24855,24982,25077,25151,25230,25302,25352,25404,25494,25629,25828,26501,28099,29792,31059,31698,32672,34046,33784,34497,35699,36208,36572,37520,38155,38728,39254,39109,39734,38762,38915,37978,39405,41911,41028,41546,43108,41870,39986,39852,38971,38345,39449,39632,40501,40574,39325,38997,39519,37787,37667,37767,36396,36541,36197,36149,34741,33503,31332,30294,31751,31762,31958,33228,34990,36084,35263,35689,35647,34635,33969,34028,33018,31425,29043,27110,25238,23601,21831,19342,17431,15376,13472,57114
2043,S92000003,Male,,2787833,24757,25063,25332,25529,25663,25762,25892,26035,26162,26286,26377,26456,26541,26598,26661,26772,26940,27171,27676,28685,29816,31404,31535,32396,33994,33636,34509,35988,36027,36271,36715,37727,37894,37649,37852,38042,37518,37254,36226,37625,39245,38089,38549,40182,38686,37161,37410,36312,35962,36632,36270,37200,38067,36502,36433,36936,35373,35247,34801,33760,33371,33086,33358,32279,31571,28099,27761,28777,28608,29034,29649,30277,31110,30538,30927,30493,30032,28671,28726,27273,25824,23939,21898,20210,18496,16635,14503,12699,10845,9309,34582
2044,S92000003,All,d,5774125,48167,48841,49421,49837,50129,50353,50615,50896,51162,51414,51635,51806,51964,52116,52237,52438,52737,53168,54368,56996,59604,61064,63170,63943,65520,68089,67589,69277,71943,72515,73206,74641,76256,76983,77273,77327,78108,76566,76445,74493,77281,81351,79317,80275,83412,80676,77270,77356,75339,74358,76133,75917,77680,78590,75746,75326,76326,72987,72694,72308,69870,69592,68935,69112,66581,64602,58955,57523,59909,59683,60207,61985,64232,66003,64508,65161,64545,62940,60783,60673,58061,54862,50513,46472,42808,39357,35655,31064,27351,23497,94032
2044,S92000003,Female,,2984928,23503,23841,24132,24333,24475,24595,24725,24858,24988,25106,25204,25286,25361,25433,25487,25577,25710,25910,26594,28201,29792,30606,31454,32142,32923,34016,33847,34675,35898,36424,36838,37807,38408,38951,39475,39331,39927,38931,39074,38137,39557,42049,41168,41661,43192,41950,40057,39907,39012,38385,39486,39638,40491,40559,39297,38969,39478,37719,37584,37673,36288,36419,36070,35993,34558,33313,31129,30064,31486,31474,31630,32849,34541,35561,34690,35035,34926,33859,33120,33074,31979,30305,27880,25896,23958,22253,20423,17929,15987,13925,58507
2044,S92000003,Male,,2789197,24664,25000,25289,25504,25654,25758,25890,26038,26174,26308,26431,26520,26603,26683,26750,26861,27027,27258,27774,28795,29812,30458,31716,31801,32597,34073,33742,34602,36045,36091,36368,36834,37848,38032,37798,37996,38181,37635,37371,36356,37724,39302,38149,38614,40220,38726,37213,37449,36327,35973,36647,36279,37189,38031,36449,36357,36848,35268,35110,34635,33582,33173,32865,33119,32023,31289,27826,27459,28423,28209,28577,29136,29691,30442,29818,30126,29619,29081,27663,27599,26082,24557,22633,20576,18850,17104,15232,13135,11364,9572,35525
2045,S92000003,All,d,5777509,47940,48657,49297,49753,50081,50334,50608,50890,51167,51431,51686,51913,52084,52236,52404,52611,52910,53338,54538,57189,59817,61056,61769,63885,64410,65576,68257,67864,69539,72224,72878,73610,75015,76616,77354,77640,77663,78396,76845,76732,74741,77482,81550,79496,80404,83534,80798,77367,77411,75390,74415,76148,75903,77639,78504,75643,75210,76144,72773,72439,72016,69555,69246,68553,68665,66109,64082,58421,56945,59237,58928,59364,61013,63109,64722,63116,63604,62843,61092,58792,58450,55666,52334,47925,43804,40052,36509,32757,28228,24536,96632
2045,S92000003,Female,,2987182,23393,23751,24071,24292,24452,24585,24722,24854,24990,25111,25233,25339,25417,25491,25568,25661,25794,25992,26676,28295,29895,30605,31000,31902,32402,32896,34079,34026,34876,36114,36689,37124,38059,38630,39173,39698,39527,40096,39092,39233,38286,39698,42189,41282,41747,43273,42021,40114,39949,39052,38424,39493,39630,40479,40530,39269,38934,39406,37638,37494,37563,36170,36292,35917,35806,34365,33098,30895,29818,31206,31156,31275,32434,34047,34989,34062,34334,34152,33022,32203,32044,30852,29104,26644,24597,22604,20833,18946,16459,14493,60091
2045,S92000003,Male,,2790327,24547,24906,25226,25461,25629,25749,25886,26036,26177,26320,26453,26574,26667,26745,26836,26950,27116,27346,27862,28894,29922,30451,30769,31983,32008,32680,34178,33838,34663,36110,36189,36486,36956,37986,38181,37942,38136,38300,37753,37499,36455,37784,39361,38214,38657,40261,38777,37253,37462,36338,35991,36655,36273,37160,37974,36374,36276,36738,35135,34945,34453,33385,32954,32636,32859,31744,30984,27526,27127,28031,27772,28089,28579,29062,29733,29054,29270,28691,28070,26589,26406,24814,23230,21281,19207,17448,15676,13811,11769,10043,36541
2046,S92000003,All,d,5780359,47700,48431,49113,49629,49997,50286,50589,50883,51161,51436,51703,51964,52191,52357,52524,52777,53083,53512,54712,57362,60012,61271,61764,62489,64358,64479,65751,68533,68129,69822,72585,73279,73982,75377,76989,77721,77976,77956,78678,77136,76977,74938,77687,81729,79625,80534,83657,80893,77426,77461,75445,74437,76134,75868,77564,78397,75530,75041,75920,72523,72154,71697,69216,68868,68121,68185,65589,63500,57841,56318,58494,58112,58442,59957,61898,63341,61625,61944,61021,59109,56662,56062,53131,49685,45202,41015,37184,33572,29799,25354,99778
2046,S92000003,Female,,2989095,23276,23641,23980,24231,24412,24562,24712,24851,24986,25113,25238,25368,25470,25548,25626,25741,25878,26077,26760,28379,29990,30708,31002,31452,32166,32382,32962,34259,34228,35092,36378,36972,37373,38281,38851,39395,39893,39699,40259,39252,39381,38423,39840,42303,41367,41832,43345,42077,40157,39989,39089,38433,39485,39620,40454,40501,39234,38867,39321,37550,37389,37442,36048,36142,35735,35609,34147,32851,30643,29557,30894,30809,30884,31977,33506,34362,33387,33581,33317,32117,31211,30926,29643,27829,25323,23222,21176,19343,17410,14939,61965
2046,S92000003,Male,,2791264,24424,24790,25133,25398,25585,25724,25877,26032,26175,26323,26465,26596,26721,26809,26898,27036,27205,27435,27952,28983,30022,30563,30762,31037,32192,32097,32789,34274,33901,34730,36207,36307,36609,37096,38138,38326,38083,38257,38419,37884,37596,36515,37847,39426,38258,38702,40312,38816,37269,37472,36356,36004,36649,36248,37110,37896,36296,36174,36599,34973,34765,34255,33168,32726,32386,32576,31442,30649,27198,26761,27600,27303,27558,27980,28392,28979,28238,28363,27704,26992,25451,25136,23488,21856,19879,17793,16008,14229,12389,10415,37813
2047,S92000003,All,d,5782683,47446,48190,48886,49445,49873,50202,50541,50864,51154,51430,51709,51982,52242,52464,52647,52899,53249,53684,54886,57537,60185,61467,61977,62488,62968,64432,64664,66029,68798,68414,70187,72987,73651,74341,75750,77359,78059,78268,78241,78971,77384,77173,75141,77871,81856,79755,80666,83755,80951,77482,77517,75465,74431,76101,75802,77468,78278,75364,74831,75661,72244,71842,71351,68845,68440,67655,67655,65006,62868,57210,55623,57692,57221,57441,58817,60592,61862,60038,60168,59064,56988,54374,53534,50472,46896,42352,38110,34222,30571,26795,103217
2047,S92000003,Female,,2990682,23152,23524,23870,24140,24351,24523,24689,24841,24983,25109,25241,25374,25499,25601,25684,25800,25958,26160,26845,28463,30074,30805,31105,31457,31720,32149,32453,33143,34461,34444,35357,36662,37222,37593,38502,39074,39591,40065,39863,40420,39401,39517,38563,39956,42388,41451,41907,43403,42120,40199,40028,39097,38429,39477,39599,40429,40465,39168,38788,39229,37446,37273,37316,35902,35962,35542,35386,33896,32584,30376,29266,30553,30427,30454,31475,32912,33689,32665,32770,32413,31139,30134,29727,28358,26464,23922,21770,19677,17791,15817,63995
2047,S92000003,Male,,2792001,24294,24666,25016,25305,25522,25679,25852,26023,26171,26321,26468,26608,26743,26863,26963,27099,27291,27524,28041,29074,30111,30662,30872,31031,31248,32283,32211,32886,34337,33970,34830,36325,36429,36748,37248,38285,38468,38203,38378,38551,37983,37656,36578,37915,39468,38304,38759,40352,38831,37283,37489,36368,36002,36624,36203,37039,37813,36196,36043,36432,34798,34569,34035,32943,32478,32113,32269,31110,30284,26834,26357,27139,26794,26987,27342,27680,28173,27373,27398,26651,25849,24240,23807,22114,20432,18430,16340,14545,12780,10978,39222
